Stage,BeakerID,MatePair,Treatment,SampleID,PhotoID,Horizontal(mm)
Blastula,A_B1,1,Control,A_blastula_b1-0002,1,0.088
Blastula,A_B1,1,Control,A_blastula_b1-0003,2,0.090
Blastula,A_B1,1,Control,A_blastula_b1-0004,3,0.088
Blastula,A_B1,1,Control,A_blastula_b1-0005,4,0.091
Blastula,A_B1,1,Control,A_blastula_b1-0006,5,0.087
Blastula,A_B1,1,Control,A_blastula_b1-0007,6,0.088
Blastula,A_B1,1,Control,A_blastula_b1-0008,7,0.085
Blastula,A_B1,1,Control,A_blastula_b1-0022,22,0.089
Blastula,A_B1,1,Control,A_blastula_b1-0025,25,0.078
Blastula,A_B1,1,Control,A_blastula_b1-0026,26,0.087
Blastula,A_B1,1,Control,A_blastula_b1-0027,27,0.094
Blastula,A_B1,1,Control,A_blastula_b1-0028,28,0.087
Blastula,A_B1,1,Control,A_blastula_b1-0029,30,0.088
Blastula,A_B1,1,Control,A_blastula_b1-0030,32,0.089
Blastula,A_B1,1,Control,A_blastula_b1-0030,33,0.087
Blastula,A_B1,1,Control,A_blastula_b1-0030,34,0.088
Blastula,A_B1,1,Control,A_blastula_b1-0030,35,0.087
Blastula,A_B1,1,Control,A_blastula_b1-0031,36,0.088
Blastula,A_B1,1,Control,A_blastula_b1-0031,37,0.088
Blastula,A_B1,1,Control,A_blastula_b1-0031,38,0.089
Blastula,A_B1,1,Control,A_blastula_b1-0032,40,0.092
Blastula,A_B1,1,Control,A_blastula_b1-0032,42,0.088
Blastula,A_B1,1,Control,A_blastula_b1-0033,43,0.090
Blastula,A_B1,1,Control,A_blastula_b1-0033,44,0.089
Blastula,A_B1,1,Control,A_blastula_b1-0033,46,0.087
Blastula,A_B1,1,Control,A_blastula_b1-0034,48,0.091
Blastula,A_B1,1,Control,A_blastula_b1-0035,49,0.089
Blastula,A_B1,1,Control,A_blastula_b1-0036,51,0.086
Blastula,A_B1,1,Control,A_blastula_b1-0037,52,0.089
Blastula,A_B1,1,Control,A_blastula_b1-0038,53,0.083
Blastula,A_B1,1,Control,A_blastula_b1-0038,54,0.086
Blastula,A_B1,1,Control,A_blastula_b1-0038,55,0.084
Blastula,A_B1,1,Control,A_blastula_b1-0038,56,0.084
Blastula,A_B1,1,Control,A_blastula_b1-0038,57,0.087
Blastula,A_B1,1,Control,A_blastula_b1-0038,58,0.086
Blastula,A_B1,1,Control,A_blastula_b1-0039,59,0.091
Blastula,A_B1,1,Control,A_blastula_b1-0039,60,0.088
Blastula,A_B1,1,Control,A_blastula_b1-0039,61,0.085
Blastula,A_B1,1,Control,A_blastula_b1-0039,62,0.090
Blastula,A_B1,1,Control,A_blastula_b1-0040,65,0.086
Blastula,A_B1,1,Control,A_blastula_b1-0040,66,0.085
Blastula,A_B1,1,Control,A_blastula_b1-0042,67,0.086
Blastula,A_B1,1,Control,A_blastula_b1-0043,68,0.090
Blastula,A_B1,1,Control,A_blastula_b1-0044,69,0.091
Blastula,A_B1,1,Control,A_blastula_b1-0045,70,0.081
Blastula,A_B1,1,Control,A_blastula_b1-0046,71,0.087
Blastula,A_B1,1,Control,A_blastula_b1-0047,72,0.087
Blastula,A_B1,1,Control,A_blastula_b1-0047,73,0.085
Blastula,A_B1,1,Control,A_blastula_b1-0048,74,0.085
Blastula,A_B1,1,Control,A_blastula_b1-0048,75,0.085
Blastula,A_B1,1,Control,A_blastula_b1-0049,76,0.088
Blastula,A_B1,1,Control,A_blastula_b1-0049,77,0.083
Blastula,A_B1,1,Control,A_blastula_b1-0050,79,0.088
Blastula,A_B1,1,Control,A_blastula_b1-0051,80,0.084
Blastula,A_B2,1,100ppb,A_blastula_b2-0002,1,0.090
Blastula,A_B2,1,100ppb,A_blastula_b2-0003,2,0.091
Blastula,A_B2,1,100ppb,A_blastula_b2-0005,4,0.089
Blastula,A_B2,1,100ppb,A_blastula_b2-0006,5,0.087
Blastula,A_B2,1,100ppb,A_blastula_b2-0007,6,0.089
Blastula,A_B2,1,100ppb,A_blastula_b2-0008,7,0.090
Blastula,A_B2,1,100ppb,A_blastula_b2-0009,8,0.087
Blastula,A_B2,1,100ppb,A_blastula_b2-0010,9,0.093
Blastula,A_B2,1,100ppb,A_blastula_b2-0012,11,0.090
Blastula,A_B2,1,100ppb,A_blastula_b2-0013,13,0.089
Blastula,A_B2,1,100ppb,A_blastula_b2-0014,14,0.090
Blastula,A_B2,1,100ppb,A_blastula_b2-0014,15,0.089
Blastula,A_B2,1,100ppb,A_blastula_b2-0034,39,0.100
Blastula,A_B2,1,100ppb,A_blastula_b2-0034,40,0.094
Blastula,A_B2,1,100ppb,A_blastula_b2-0035,41,0.099
Blastula,A_B2,1,100ppb,A_blastula_b2-0036,42,0.103
Blastula,A_B2,1,100ppb,A_blastula_b2-0037,43,0.104
Blastula,A_B3,1,500ppb,A_blastula_b3-0003,2,0.089
Blastula,A_B3,1,500ppb,A_blastula_b3-0004,3,0.094
Blastula,A_B3,1,500ppb,A_blastula_b3-0005,5,0.092
Blastula,A_B3,1,500ppb,A_blastula_b3-0006,6,0.093
Blastula,A_B3,1,500ppb,A_blastula_b3-0007,7,0.096
Blastula,A_B3,1,500ppb,A_blastula_b3-0008,8,0.099
Blastula,A_B3,1,500ppb,A_blastula_b3-0010,10,0.096
Blastula,A_B3,1,500ppb,A_blastula_b3-0011,11,0.094
Blastula,A_B3,1,500ppb,A_blastula_b3-0013,13,0.096
Blastula,A_B3,1,500ppb,A_blastula_b3-0014,14,0.100
Blastula,A_B3,1,500ppb,A_blastula_b3-0015,15,0.093
Blastula,A_B3,1,500ppb,A_blastula_b3-0016,16,0.094
Blastula,A_B3,1,500ppb,A_blastula_b3-0017,17,0.096
Blastula,A_B3,1,500ppb,A_blastula_b3-0017,18,0.099
Blastula,A_B3,1,500ppb,A_blastula_b3-0018,19,0.094
Blastula,A_B3,1,500ppb,A_blastula_b3-0019,20,0.091
Blastula,A_B3,1,500ppb,A_blastula_b3-0020,21,0.093
Blastula,A_B3,1,500ppb,A_blastula_b3-0021,22,0.096
Blastula,A_B3,1,500ppb,A_blastula_b3-0022,23,0.094
Blastula,A_B3,1,500ppb,A_blastula_b3-0022,24,0.097
Blastula,A_B3,1,500ppb,A_blastula_b3-0024,26,0.093
Blastula,A_B3,1,500ppb,A_blastula_b3-0025,27,0.094
Blastula,A_B3,1,500ppb,A_blastula_b3-0027,29,0.091
Blastula,A_B3,1,500ppb,A_blastula_b3-0027,30,0.097
Blastula,A_B3,1,500ppb,A_blastula_b3-0029,32,0.090
Blastula,A_B3,1,500ppb,A_blastula_b3-0030,33,0.091
Blastula,A_B3,1,500ppb,A_blastula_b3-0030,34,0.093
Blastula,A_B3,1,500ppb,A_blastula_b3-0031,35,0.100
Blastula,A_B3,1,500ppb,A_blastula_b3-0031,36,0.093
Blastula,A_B3,1,500ppb,A_blastula_b3-0034,39,0.097
Blastula,A_B3,1,500ppb,A_blastula_b3-0035,40,0.093
Blastula,A_B3,1,500ppb,A_blastula_b3-0036,42,0.096
Blastula,A_B3,1,500ppb,A_blastula_b3-0037,43,0.096
Blastula,A_B3,1,500ppb,A_blastula_b3-0039,45,0.089
Blastula,A_B3,1,500ppb,A_blastula_b3-0040,46,0.097
Blastula,A_B3,1,500ppb,A_blastula_b3-0040,47,0.093
Blastula,A_B3,1,500ppb,A_blastula_b3-0041,48,0.096
Blastula,A_B3,1,500ppb,A_blastula_b3-0043,50,0.099
Blastula,A_B3,1,500ppb,A_blastula_b3-0043,51,0.091
Blastula,A_B3,1,500ppb,A_blastula_b3-0043,52,0.094
Blastula,A_B3,1,500ppb,A_blastula_b3-0043,53,0.096
Blastula,A_B3,1,500ppb,A_blastula_b3-0044,54,0.093
Blastula,A_B3,1,500ppb,A_blastula_b3-0045,55,0.094
Blastula,A_B3,1,500ppb,A_blastula_b3-0045,56,0.087
Blastula,A_B3,1,500ppb,A_blastula_b3-0046,57,0.102
Blastula,A_B3,1,500ppb,A_blastula_b3-0046,58,0.094
Blastula,A_B3,1,500ppb,A_blastula_b3-0047,59,0.090
Blastula,A_B3,1,500ppb,A_blastula_b3-0048,60,0.090
Blastula,A_B3,1,500ppb,A_blastula_b3-0048,61,0.100
Blastula,A_B3,1,500ppb,A_blastula_b3-0048,62,0.092
Blastula,A_B3,1,500ppb,A_blastula_b3-0049,63,0.093
Blastula,A_B3,1,500ppb,A_blastula_b3-0049,64,0.097
Blastula,A_B3,1,500ppb,A_blastula_b3-0050,65,0.087
Blastula,A_B3,1,500ppb,A_blastula_b3-0051,66,0.096
Blastula,A_B3,1,500ppb,A_blastula_b3-0052,67,0.084
Blastula,A_B3,1,500ppb,A_blastula_b3-0053,68,0.089
Blastula,A_B3,1,500ppb,A_blastula_b3-0054,69,0.093
Blastula,A_B3,1,500ppb,A_blastula_b3-0055,70,0.093
Blastula,A_B3,1,500ppb,A_blastula_b3-0056,71,0.091
Blastula,A_B3,1,500ppb,A_blastula_b3-0057,73,0.094
Blastula,A_B3,1,500ppb,A_blastula_b3-0057,74,0.094
Blastula,A_B3,1,500ppb,A_blastula_b3-0058,75,0.090
Blastula,A_B3,1,500ppb,A_blastula_b3-0059,76,0.094
Blastula,A_B3,1,500ppb,A_blastula_b3-0059,77,0.097
Blastula,A_B3,1,500ppb,A_blastula_b3-0060,78,0.096
Blastula,A_B3,1,500ppb,A_blastula_b3-0062,80,0.093
Blastula,A_B3,1,500ppb,A_blastula_b3-0064,83,0.096
Blastula,A_B3,1,500ppb,A_blastula_b3-0065,84,0.093
Blastula,A_B3,1,500ppb,A_blastula_b3-0065,85,0.093
Blastula,A_B3,1,500ppb,A_blastula_b3-0067,88,0.096
Blastula,A_B3,1,500ppb,A_blastula_b3-0067,89,0.093
Blastula,A_B3,1,500ppb,A_blastula_b3-0068,90,0.100
Blastula,A_B3,1,500ppb,A_blastula_b3-0069,92,0.101
Blastula,A_B3,1,500ppb,A_blastula_b3-0070,93,0.096
Blastula,A_B3,1,500ppb,A_blastula_b3-0071,94,0.103
Blastula,A_B3,1,500ppb,A_blastula_b3-0074,97,0.100
Blastula,A_B3,1,500ppb,A_blastula_b3-0075,98,0.094
Blastula,A_B3,1,500ppb,A_blastula_b3-0076,99,0.094
Blastula,A_B3,1,500ppb,A_blastula_b3-0077,100,0.091
Blastula,A_B3,1,500ppb,A_blastula_b3-0080,103,0.087
Blastula,A_B3,1,500ppb,A_blastula_b3-0082,105,0.091
Blastula,A_B4,1,1000ppb,A_blastula_b4-0002,1,0.096
Blastula,A_B4,1,1000ppb,A_blastula_b4-0003,3,0.103
Blastula,A_B4,1,1000ppb,A_blastula_b4-0004,4,0.104
Blastula,A_B4,1,1000ppb,A_blastula_b4-0005,5,0.103
Blastula,A_B4,1,1000ppb,A_blastula_b4-0006,6,0.097
Blastula,A_B4,1,1000ppb,A_blastula_b4-0007,7,0.097
Blastula,A_B4,1,1000ppb,A_blastula_b4-0009,10,0.100
Blastula,A_B4,1,1000ppb,A_blastula_b4-0010,11,0.101
Blastula,A_B4,1,1000ppb,A_blastula_b4-0010,12,0.104
Blastula,A_B4,1,1000ppb,A_blastula_b4-0011,13,0.100
Blastula,A_B4,1,1000ppb,A_blastula_b4-0011,14,0.104
Blastula,A_B4,1,1000ppb,A_blastula_b4-0011,15,0.100
Blastula,A_B4,1,1000ppb,A_blastula_b4-0011,16,0.097
Blastula,A_B4,1,1000ppb,A_blastula_b4-0013,18,0.096
Blastula,A_B4,1,1000ppb,A_blastula_b4-0014,19,0.093
Blastula,A_B4,1,1000ppb,A_blastula_b4-0015,20,0.099
Blastula,A_B4,1,1000ppb,A_blastula_b4-0016,21,0.100
Blastula,A_B4,1,1000ppb,A_blastula_b4-0017,22,0.097
Blastula,A_B4,1,1000ppb,A_blastula_b4-0019,24,0.101
Blastula,A_B4,1,1000ppb,A_blastula_b4-0020,25,0.106
Blastula,A_B4,1,1000ppb,A_blastula_b4-0021,26,0.112
Blastula,A_B4,1,1000ppb,A_blastula_b4-0022,27,0.106
Blastula,A_B4,1,1000ppb,A_blastula_b4-0023,28,0.104
Blastula,A_B4,1,1000ppb,A_blastula_b4-0024,30,0.103
Blastula,A_B4,1,1000ppb,A_blastula_b4-0025,31,0.101
Blastula,A_B4,1,1000ppb,A_blastula_b4-0028,34,0.107
Blastula,A_B4,1,1000ppb,A_blastula_b4-0029,36,0.104
Blastula,A_B4,1,1000ppb,A_blastula_b4-0030,37,0.104
Blastula,A_B4,1,1000ppb,A_blastula_b4-0030,38,0.100
Blastula,A_B4,1,1000ppb,A_blastula_b4-0030,39,0.099
Blastula,A_B4,1,1000ppb,A_blastula_b4-0031,40,0.100
Blastula,A_B4,1,1000ppb,A_blastula_b4-0032,41,0.099
Blastula,A_B4,1,1000ppb,A_blastula_b4-0033,42,0.104
Blastula,A_B4,1,1000ppb,A_blastula_b4-0034,43,0.103
Blastula,A_B4,1,1000ppb,A_blastula_b4-0035,44,0.100
Blastula,A_B4,1,1000ppb,A_blastula_b4-0035,45,0.099
Blastula,A_B4,1,1000ppb,A_blastula_b4-0035,46,0.096
Blastula,A_B4,1,1000ppb,A_blastula_b4-0036,47,0.094
Blastula,A_B4,1,1000ppb,A_blastula_b4-0037,48,0.094
Blastula,A_B4,1,1000ppb,A_blastula_b4-0037,49,0.092
Blastula,A_B4,1,1000ppb,A_blastula_b4-0039,51,0.094
Blastula,A_B4,1,1000ppb,A_blastula_b4-0039,52,0.093
Blastula,A_B4,1,1000ppb,A_blastula_b4-0040,54,0.093
Blastula,A_B4,1,1000ppb,A_blastula_b4-0040,55,0.091
Blastula,A_B4,1,1000ppb,A_blastula_b4-0041,57,0.093
Blastula,A_B4,1,1000ppb,A_blastula_b4-0042,58,0.089
Blastula,A_B4,1,1000ppb,A_blastula_b4-0042,59,0.096
Blastula,A_B4,1,1000ppb,A_blastula_b4-0043,61,0.097
Blastula,A_B4,1,1000ppb,A_blastula_b4-0045,63,0.090
Blastula,A_B4,1,1000ppb,A_blastula_b4-0045,64,0.093
Blastula,A_B4,1,1000ppb,A_blastula_b4-0045,65,0.093
Blastula,A_B4,1,1000ppb,A_blastula_b4-0046,67,0.093
Blastula,A_B4,1,1000ppb,A_blastula_b4-0046,68,0.090
Blastula,A_B4,1,1000ppb,A_blastula_b4-0047,69,0.093
Blastula,A_B4,1,1000ppb,A_blastula_b4-0047,70,0.094
Blastula,A_B4,1,1000ppb,A_blastula_b4-0048,71,0.094
Blastula,A_B4,1,1000ppb,A_blastula_b4-0049,73,0.095
Blastula,A_B4,1,1000ppb,A_blastula_b4-0050,75,0.088
Blastula,A_B4,1,1000ppb,A_blastula_b4-0051,76,0.088
Blastula,A_B4,1,1000ppb,A_blastula_b4-0052,77,0.095
Blastula,A_B4,1,1000ppb,A_blastula_b4-0054,79,0.086
Blastula,A_B4,1,1000ppb,A_blastula_b4-0055,80,0.088
Blastula,A_B4,1,1000ppb,A_blastula_b4-0057,82,0.090
Blastula,A_B4,1,1000ppb,A_blastula_b4-0059,84,0.098
Blastula,A_B4,1,1000ppb,A_blastula_b4-0060,85,0.093
Blastula,A_B4,1,1000ppb,A_blastula_b4-0062,87,0.090
Blastula,A_B4,1,1000ppb,A_blastula_b4-0063,88,0.095
Blastula,A_B4,1,1000ppb,A_blastula_b4-0064,90,0.094
Blastula,A_B4,1,1000ppb,A_blastula_b4-0065,91,0.089
Blastula,A_B4,1,1000ppb,A_blastula_b4-0066,92,0.092
Blastula,A_B4,1,1000ppb,A_blastula_b4-0067,93,0.096
Blastula,A_B4,1,1000ppb,A_blastula_b4-0068,94,0.098
Blastula,A_B4,1,1000ppb,A_blastula_b4-0068,95,0.099
Blastula,A_B4,1,1000ppb,A_blastula_b4-0069,96,0.096
Blastula,A_B4,1,1000ppb,A_blastula_b4-0071,98,0.095
Blastula,A_B4,1,1000ppb,A_blastula_b4-0073,100,0.102
Blastula,A_B5,2,Control,A_blastula_b5-0003,4,0.099
Blastula,A_B5,2,Control,A_blastula_b5-0004,6,0.096
Blastula,A_B5,2,Control,A_blastula_b5-0008,10,0.092
Blastula,A_B5,2,Control,A_blastula_b5-0010,12,0.097
Blastula,A_B5,2,Control,A_blastula_b5-0011,13,0.090
Blastula,A_B5,2,Control,A_blastula_b5-0014,17,0.100
Blastula,A_B5,2,Control,A_blastula_b5-0016,21,0.096
Blastula,A_B5,2,Control,A_blastula_b5-0017,22,0.091
Blastula,A_B5,2,Control,A_blastula_b5-0018,24,0.092
Blastula,A_B5,2,Control,A_blastula_b5-0021,28,0.096
Blastula,A_B5,2,Control,A_blastula_b5-0021,29,0.089
Blastula,A_B5,2,Control,A_blastula_b5-0025,34,0.090
Blastula,A_B5,2,Control,A_blastula_b5-0026,35,0.089
Blastula,A_B5,2,Control,A_blastula_b5-0026,36,0.092
Blastula,A_B5,2,Control,A_blastula_b5-0027,38,0.091
Blastula,A_B5,2,Control,A_blastula_b5-0027,39,0.089
Blastula,A_B5,2,Control,A_blastula_b5-0027,41,0.093
Blastula,A_B5,2,Control,A_blastula_b5-0036,52,0.096
Blastula,A_B5,2,Control,A_blastula_b5-0038,54,0.091
Blastula,A_B5,2,Control,A_blastula_b5-0041,58,0.090
Blastula,A_B5,2,Control,A_blastula_b5-0046,64,0.094
Blastula,A_B5,2,Control,A_blastula_b5-0048,66,0.091
Blastula,A_B5,2,Control,A_blastula_b5-0049,67,0.096
Blastula,A_B5,2,Control,A_blastula_b5-0050,68,0.092
Blastula,A_B5,2,Control,A_blastula_b5-0052,70,0.094
Blastula,A_B5,2,Control,A_blastula_b5-0054,72,0.092
Blastula,A_B6,2,100ppb,A_blastula_b6-0002,1,0.100
Blastula,A_B6,2,100ppb,A_blastula_b6-0003,3,0.103
Blastula,A_B6,2,100ppb,A_blastula_b6-0008,10,0.097
Blastula,A_B6,2,100ppb,A_blastula_b6-0008,11,0.100
Blastula,A_B6,2,100ppb,A_blastula_b6-0009,12,0.107
Blastula,A_B6,2,100ppb,A_blastula_b6-0013,16,0.108
Blastula,A_B6,2,100ppb,A_blastula_b6-0014,19,0.104
Blastula,A_B6,2,100ppb,A_blastula_b6-0014,20,0.095
Blastula,A_B6,2,100ppb,A_blastula_b6-0015,21,0.112
Blastula,A_B6,2,100ppb,A_blastula_b6-0021,29,0.116
Blastula,A_B6,2,100ppb,A_blastula_b6-0022,32,0.096
Blastula,A_B6,2,100ppb,A_blastula_b6-0023,33,0.112
Blastula,A_B6,2,100ppb,A_blastula_b6-0024,35,0.112
Blastula,A_B6,2,100ppb,A_blastula_b6-0039,55,0.112
Blastula,A_B6,2,100ppb,A_blastula_b6-0043,59,0.104
Blastula,A_B6,2,100ppb,A_blastula_b6-0044,60,0.104
Blastula,A_B6,2,100ppb,A_blastula_b6-0046,62,0.092
Blastula,A_B6,2,100ppb,A_blastula_b6-0047,64,0.094
Blastula,A_B6,2,100ppb,A_blastula_b6-0048,66,0.094
Blastula,A_B6,2,100ppb,A_blastula_b6-0055,73,0.100
Blastula,A_B6,2,100ppb,A_blastula_b6-0059,77,0.101
Blastula,A_B7,2,500ppb,A_blastula_b7-0004,6,0.095
Blastula,A_B7,2,500ppb,A_blastula_b7-0013,19,0.088
Blastula,A_B7,2,500ppb,A_blastula_b7-0041,55,0.095
Blastula,A_B7,2,500ppb,A_blastula_b7-0042,57,0.098
Blastula,A_B7,2,500ppb,A_blastula_b7-0043,58,0.094
Blastula,A_B7,2,500ppb,A_blastula_b7-0059,76,0.087
Blastula,A_B7,2,500ppb,A_blastula_b7-0066,84,0.096
Blastula,A_B7,2,500ppb,A_blastula_b7-0067,87,0.097
Blastula,A_B7,2,500ppb,A_blastula_b7-0070,91,0.095
Blastula,A_B7,2,500ppb,A_blastula_b7-0072,95,0.093
Blastula,A_B7,2,500ppb,A_blastula_b7-0073,96,0.089
Blastula,A_B7,2,500ppb,A_blastula_b7-0075,99,0.093
Blastula,A_B7,2,500ppb,A_blastula_b7-0077,103,0.095
Blastula,B_B9,3,Control,B_blastula_b9-0002,2,0.079
Blastula,B_B9,3,Control,B_blastula_b9-0003,3,0.090
Blastula,B_B9,3,Control,B_blastula_b9-0007,8,0.090
Blastula,B_B9,3,Control,B_blastula_b9-0008,9,0.093
Blastula,B_B9,3,Control,B_blastula_b9-0009,10,0.089
Blastula,B_B9,3,Control,B_blastula_b9-0009,11,0.091
Blastula,B_B9,3,Control,B_blastula_b9-0010,12,0.088
Blastula,B_B9,3,Control,B_blastula_b9-0011,14,0.089
Blastula,B_B9,3,Control,B_blastula_b9-0012,15,0.088
Blastula,B_B9,3,Control,B_blastula_b9-0012,16,0.084
Blastula,B_B9,3,Control,B_blastula_b9-0014,18,0.089
Blastula,B_B9,3,Control,B_blastula_b9-0015,19,0.085
Blastula,B_B9,3,Control,B_blastula_b9-0016,23,0.090
Blastula,B_B9,3,Control,B_blastula_b9-0016,24,0.089
Blastula,B_B9,3,Control,B_blastula_b9-0017,25,0.086
Blastula,B_B9,3,Control,B_blastula_b9-0017,26,0.082
Blastula,B_B9,3,Control,B_blastula_b9-0017,27,0.085
Blastula,B_B9,3,Control,B_blastula_b9-0017,28,0.081
Blastula,B_B9,3,Control,B_blastula_b9-0017,29,0.086
Blastula,B_B9,3,Control,B_blastula_b9-0018,30,0.086
Blastula,B_B9,3,Control,B_blastula_b9-0018,31,0.088
Blastula,B_B9,3,Control,B_blastula_b9-0019,32,0.092
Blastula,B_B9,3,Control,B_blastula_b9-0019,33,0.091
Blastula,B_B9,3,Control,B_blastula_b9-0019,34,0.086
Blastula,B_B9,3,Control,B_blastula_b9-0020,35,0.087
Blastula,B_B9,3,Control,B_blastula_b9-0020,36,0.090
Blastula,B_B9,3,Control,B_blastula_b9-0020,37,0.086
Blastula,B_B9,3,Control,B_blastula_b9-0020,38,0.087
Blastula,B_B9,3,Control,B_blastula_b9-0021,39,0.087
Blastula,B_B9,3,Control,B_blastula_b9-0022,40,0.089
Blastula,B_B9,3,Control,B_blastula_b9-0023,41,0.085
Blastula,B_B9,3,Control,B_blastula_b9-0025,43,0.091
Blastula,B_B9,3,Control,B_blastula_b9-0026,44,0.088
Blastula,B_B9,3,Control,B_blastula_b9-0026,45,0.089
Blastula,B_B9,3,Control,B_blastula_b9-0027,46,0.087
Blastula,B_B9,3,Control,B_blastula_b9-0028,47,0.085
Blastula,B_B9,3,Control,B_blastula_b9-0028,48,0.084
Blastula,B_B9,3,Control,B_blastula_b9-0029,49,0.087
Blastula,B_B9,3,Control,B_blastula_b9-0029,50,0.088
Blastula,B_B9,3,Control,B_blastula_b9-0030,52,0.089
Blastula,B_B9,3,Control,B_blastula_b9-0030,53,0.090
Blastula,B_B9,3,Control,B_blastula_b9-0031,54,0.078
Blastula,B_B9,3,Control,B_blastula_b9-0031,55,0.081
Blastula,B_B9,3,Control,B_blastula_b9-0031,56,0.082
Blastula,B_B9,3,Control,B_blastula_b9-0032,57,0.088
Blastula,B_B9,3,Control,B_blastula_b9-0032,58,0.076
Blastula,B_B9,3,Control,B_blastula_b9-0033,59,0.088
Blastula,B_B9,3,Control,B_blastula_b9-0034,60,0.080
Blastula,B_B9,3,Control,B_blastula_b9-0035,61,0.088
Blastula,B_B9,3,Control,B_blastula_b9-0036,62,0.085
Blastula,B_B9,3,Control,B_blastula_b9-0036,63,0.085
Blastula,B_B9,3,Control,B_blastula_b9-0036,64,0.087
Blastula,B_B9,3,Control,B_blastula_b9-0037,65,0.085
Blastula,B_B9,3,Control,B_blastula_b9-0038,66,0.091
Blastula,B_B9,3,Control,B_blastula_b9-0039,67,0.084
Blastula,B_B9,3,Control,B_blastula_b9-0040,68,0.087
Blastula,B_B9,3,Control,B_blastula_b9-0042,70,0.087
Blastula,B_B9,3,Control,B_blastula_b9-0043,71,0.079
Blastula,B_B9,3,Control,B_blastula_b9-0044,72,0.082
Blastula,B_B9,3,Control,B_blastula_b9-0045,74,0.084
Blastula,B_B9,3,Control,B_blastula_b9-0046,75,0.084
Blastula,B_B9,3,Control,B_blastula_b9-0047,76,0.088
Blastula,B_B9,3,Control,B_blastula_b9-0048,77,0.088
Blastula,B_B9,3,Control,B_blastula_b9-0049,78,0.087
Blastula,B_B9,3,Control,B_blastula_b9-0050,79,0.078
Blastula,B_B9,3,Control,B_blastula_b9-0051,80,0.084
Blastula,B_B9,3,Control,B_blastula_b9-0052,81,0.081
Blastula,B_B9,3,Control,B_blastula_b9-0053,83,0.084
Blastula,B_B9,3,Control,B_blastula_b9-0053,84,0.085
Blastula,B_B9,3,Control,B_blastula_b9-0054,85,0.090
Blastula,B_B9,3,Control,B_blastula_b9-0054,86,0.085
Blastula,B_B9,3,Control,B_blastula_b9-0055,87,0.087
Blastula,B_B10,3,100ppb,B_blastula_b10-0002,1,0.093
Blastula,B_B10,3,100ppb,B_blastula_b10-0003,2,0.090
Blastula,B_B10,3,100ppb,B_blastula_b10-0004,3,0.092
Blastula,B_B10,3,100ppb,B_blastula_b10-0005,4,0.093
Blastula,B_B10,3,100ppb,B_blastula_b10-0006,5,0.088
Blastula,B_B10,3,100ppb,B_blastula_b10-0007,6,0.090
Blastula,B_B10,3,100ppb,B_blastula_b10-0008,7,0.099
Blastula,B_B10,3,100ppb,B_blastula_b10-0008,8,0.096
Blastula,B_B10,3,100ppb,B_blastula_b10-0009,9,0.090
Blastula,B_B10,3,100ppb,B_blastula_b10-0010,10,0.092
Blastula,B_B10,3,100ppb,B_blastula_b10-0010,11,0.094
Blastula,B_B10,3,100ppb,B_blastula_b10-0011,12,0.093
Blastula,B_B10,3,100ppb,B_blastula_b10-0012,14,0.092
Blastula,B_B10,3,100ppb,B_blastula_b10-0013,15,0.094
Blastula,B_B10,3,100ppb,B_blastula_b10-0014,16,0.088
Blastula,B_B10,3,100ppb,B_blastula_b10-0015,17,0.091
Blastula,B_B10,3,100ppb,B_blastula_b10-0016,18,0.098
Blastula,B_B10,3,100ppb,B_blastula_b10-0018,20,0.092
Blastula,B_B10,3,100ppb,B_blastula_b10-0018,21,0.096
Blastula,B_B10,3,100ppb,B_blastula_b10-0019,22,0.093
Blastula,B_B10,3,100ppb,B_blastula_b10-0020,23,0.088
Blastula,B_B10,3,100ppb,B_blastula_b10-0021,24,0.096
Blastula,B_B10,3,100ppb,B_blastula_b10-0023,27,0.090
Blastula,B_B10,3,100ppb,B_blastula_b10-0024,28,0.087
Blastula,B_B10,3,100ppb,B_blastula_b10-0025,29,0.092
Blastula,B_B10,3,100ppb,B_blastula_b10-0026,30,0.092
Blastula,B_B10,3,100ppb,B_blastula_b10-0027,31,0.092
Blastula,B_B10,3,100ppb,B_blastula_b10-0028,32,0.091
Blastula,B_B10,3,100ppb,B_blastula_b10-0030,34,0.090
Blastula,B_B10,3,100ppb,B_blastula_b10-0031,35,0.092
Blastula,B_B10,3,100ppb,B_blastula_b10-0032,36,0.099
Blastula,B_B10,3,100ppb,B_blastula_b10-0033,37,0.089
Blastula,B_B10,3,100ppb,B_blastula_b10-0034,38,0.093
Blastula,B_B10,3,100ppb,B_blastula_b10-0034,39,0.093
Blastula,B_B10,3,100ppb,B_blastula_b10-0035,40,0.096
Blastula,B_B10,3,100ppb,B_blastula_b10-0035,41,0.095
Blastula,B_B10,3,100ppb,B_blastula_b10-0036,42,0.093
Blastula,B_B10,3,100ppb,B_blastula_b10-0037,43,0.090
Blastula,B_B10,3,100ppb,B_blastula_b10-0038,44,0.092
Blastula,B_B10,3,100ppb,B_blastula_b10-0039,45,0.091
Blastula,B_B10,3,100ppb,B_blastula_b10-0040,46,0.087
Blastula,B_B10,3,100ppb,B_blastula_b10-0041,47,0.097
Blastula,B_B10,3,100ppb,B_blastula_b10-0042,48,0.096
Blastula,B_B10,3,100ppb,B_blastula_b10-0043,49,0.092
Blastula,B_B10,3,100ppb,B_blastula_b10-0043,50,0.099
Blastula,B_B10,3,100ppb,B_blastula_b10-0044,51,0.097
Blastula,B_B10,3,100ppb,B_blastula_b10-0045,52,0.095
Blastula,B_B10,3,100ppb,B_blastula_b10-0046,53,0.088
Blastula,B_B10,3,100ppb,B_blastula_b10-0047,54,0.094
Blastula,B_B10,3,100ppb,B_blastula_b10-0048,55,0.090
Blastula,B_B10,3,100ppb,B_blastula_b10-0049,56,0.090
Blastula,B_B10,3,100ppb,B_blastula_b10-0050,57,0.092
Blastula,B_B10,3,100ppb,B_blastula_b10-0051,58,0.091
Blastula,B_B10,3,100ppb,B_blastula_b10-0051,59,0.092
Blastula,B_B10,3,100ppb,B_blastula_b10-0052,60,0.091
Blastula,B_B10,3,100ppb,B_blastula_b10-0053,62,0.092
Blastula,B_B10,3,100ppb,B_blastula_b10-0054,63,0.088
Blastula,B_B10,3,100ppb,B_blastula_b10-0055,64,0.099
Blastula,B_B10,3,100ppb,B_blastula_b10-0057,66,0.092
Blastula,B_B10,3,100ppb,B_blastula_b10-0058,67,0.090
Blastula,B_B10,3,100ppb,B_blastula_b10-0059,69,0.095
Blastula,B_B10,3,100ppb,B_blastula_b10-0061,71,0.093
Blastula,B_B10,3,100ppb,B_blastula_b10-0062,72,0.090
Blastula,B_B10,3,100ppb,B_blastula_b10-0063,73,0.091
Blastula,B_B10,3,100ppb,B_blastula_b10-0064,74,0.093
Blastula,B_B10,3,100ppb,B_blastula_b10-0064,75,0.093
Blastula,B_B10,3,100ppb,B_blastula_b10-0064,76,0.092
Blastula,B_B10,3,100ppb,B_blastula_b10-0065,77,0.097
Blastula,B_B10,3,100ppb,B_blastula_b10-0065,78,0.091
Blastula,B_B10,3,100ppb,B_blastula_b10-0065,79,0.098
Blastula,B_B10,3,100ppb,B_blastula_b10-0066,80,0.099
Blastula,B_B10,3,100ppb,B_blastula_b10-0067,81,0.091
Blastula,B_B10,3,100ppb,B_blastula_b10-0067,82,0.095
Blastula,B_B10,3,100ppb,B_blastula_b10-0068,83,0.096
Blastula,B_B10,3,100ppb,B_blastula_b10-0070,85,0.092
Blastula,B_B10,3,100ppb,B_blastula_b10-0071,86,0.093
Blastula,B_B10,3,100ppb,B_blastula_b10-0072,87,0.093
Blastula,B_B10,3,100ppb,B_blastula_b10-0073,88,0.091
Blastula,B_B10,3,100ppb,B_blastula_b10-0073,89,0.101
Blastula,B_B10,3,100ppb,B_blastula_b10-0074,90,0.100
Blastula,B_B10,3,100ppb,B_blastula_b10-0075,91,0.102
Blastula,B_B10,3,100ppb,B_blastula_b10-0076,92,0.089
Blastula,B_B10,3,100ppb,B_blastula_b10-0076,93,0.095
Blastula,B_B10,3,100ppb,B_blastula_b10-0077,94,0.093
Blastula,B_B10,3,100ppb,B_blastula_b10-0078,95,0.096
Blastula,B_B10,3,100ppb,B_blastula_b10-0078,96,0.092
Blastula,B_B10,3,100ppb,B_blastula_b10-0080,98,0.099
Blastula,B_B10,3,100ppb,B_blastula_b10-0080,99,0.089
Blastula,B_B10,3,100ppb,B_blastula_b10-0080,100,0.094
Blastula,B_B11,3,500ppb,B_blastula_b11-0002,1,0.095
Blastula,B_B11,3,500ppb,B_blastula_b11-0003,2,0.091
Blastula,B_B11,3,500ppb,B_blastula_b11-0004,3,0.089
Blastula,B_B11,3,500ppb,B_blastula_b11-0006,5,0.095
Blastula,B_B11,3,500ppb,B_blastula_b11-0008,7,0.095
Blastula,B_B11,3,500ppb,B_blastula_b11-0009,8,0.093
Blastula,B_B11,3,500ppb,B_blastula_b11-0010,9,0.090
Blastula,B_B11,3,500ppb,B_blastula_b11-0011,10,0.091
Blastula,B_B11,3,500ppb,B_blastula_b11-0012,13,0.088
Blastula,B_B11,3,500ppb,B_blastula_b11-0013,14,0.092
Blastula,B_B11,3,500ppb,B_blastula_b11-0014,15,0.093
Blastula,B_B11,3,500ppb,B_blastula_b11-0015,16,0.089
Blastula,B_B11,3,500ppb,B_blastula_b11-0017,18,0.097
Blastula,B_B11,3,500ppb,B_blastula_b11-0018,19,0.096
Blastula,B_B11,3,500ppb,B_blastula_b11-0019,20,0.090
Blastula,B_B11,3,500ppb,B_blastula_b11-0020,21,0.092
Blastula,B_B11,3,500ppb,B_blastula_b11-0021,22,0.089
Blastula,B_B11,3,500ppb,B_blastula_b11-0022,23,0.095
Blastula,B_B11,3,500ppb,B_blastula_b11-0023,24,0.098
Blastula,B_B11,3,500ppb,B_blastula_b11-0024,25,0.095
Blastula,B_B11,3,500ppb,B_blastula_b11-0025,26,0.098
Blastula,B_B11,3,500ppb,B_blastula_b11-0026,27,0.090
Blastula,B_B11,3,500ppb,B_blastula_b11-0027,28,0.092
Blastula,B_B11,3,500ppb,B_blastula_b11-0027,29,0.094
Blastula,B_B11,3,500ppb,B_blastula_b11-0028,30,0.100
Blastula,B_B11,3,500ppb,B_blastula_b11-0029,31,0.098
Blastula,B_B11,3,500ppb,B_blastula_b11-0030,32,0.093
Blastula,B_B11,3,500ppb,B_blastula_b11-0030,33,0.094
Blastula,B_B11,3,500ppb,B_blastula_b11-0031,34,0.096
Blastula,B_B11,3,500ppb,B_blastula_b11-0031,35,0.096
Blastula,B_B11,3,500ppb,B_blastula_b11-0031,36,0.094
Blastula,B_B11,3,500ppb,B_blastula_b11-0031,37,0.094
Blastula,B_B11,3,500ppb,B_blastula_b11-0032,39,0.086
Blastula,B_B11,3,500ppb,B_blastula_b11-0033,40,0.096
Blastula,B_B11,3,500ppb,B_blastula_b11-0033,41,0.090
Blastula,B_B11,3,500ppb,B_blastula_b11-0034,42,0.091
Blastula,B_B11,3,500ppb,B_blastula_b11-0035,43,0.097
Blastula,B_B11,3,500ppb,B_blastula_b11-0035,44,0.090
Blastula,B_B11,3,500ppb,B_blastula_b11-0036,45,0.091
Blastula,B_B11,3,500ppb,B_blastula_b11-0036,46,0.089
Blastula,B_B11,3,500ppb,B_blastula_b11-0037,47,0.089
Blastula,B_B11,3,500ppb,B_blastula_b11-0038,48,0.093
Blastula,B_B11,3,500ppb,B_blastula_b11-0038,49,0.100
Blastula,B_B11,3,500ppb,B_blastula_b11-0039,50,0.093
Blastula,B_B11,3,500ppb,B_blastula_b11-0040,51,0.089
Blastula,B_B11,3,500ppb,B_blastula_b11-0041,52,0.096
Blastula,B_B11,3,500ppb,B_blastula_b11-0042,54,0.094
Blastula,B_B11,3,500ppb,B_blastula_b11-0043,55,0.089
Blastula,B_B11,3,500ppb,B_blastula_b11-0044,56,0.100
Blastula,B_B11,3,500ppb,B_blastula_b11-0044,57,0.095
Blastula,B_B11,3,500ppb,B_blastula_b11-0045,58,0.092
Blastula,B_B11,3,500ppb,B_blastula_b11-0046,59,0.093
Blastula,B_B11,3,500ppb,B_blastula_b11-0047,60,0.091
Blastula,B_B11,3,500ppb,B_blastula_b11-0048,61,0.091
Blastula,B_B11,3,500ppb,B_blastula_b11-0048,62,0.091
Blastula,B_B11,3,500ppb,B_blastula_b11-0049,63,0.091
Blastula,B_B11,3,500ppb,B_blastula_b11-0050,64,0.093
Blastula,B_B11,3,500ppb,B_blastula_b11-0051,65,0.090
Blastula,B_B11,3,500ppb,B_blastula_b11-0052,66,0.098
Blastula,B_B11,3,500ppb,B_blastula_b11-0053,67,0.098
Blastula,B_B11,3,500ppb,B_blastula_b11-0054,68,0.099
Blastula,B_B11,3,500ppb,B_blastula_b11-0055,69,0.098
Blastula,B_B11,3,500ppb,B_blastula_b11-0056,70,0.091
Blastula,B_B11,3,500ppb,B_blastula_b11-0057,71,0.095
Blastula,B_B11,3,500ppb,B_blastula_b11-0058,72,0.098
Blastula,B_B11,3,500ppb,B_blastula_b11-0058,73,0.094
Blastula,B_B11,3,500ppb,B_blastula_b11-0059,74,0.094
Blastula,B_B11,3,500ppb,B_blastula_b11-0059,75,0.092
Blastula,B_B11,3,500ppb,B_blastula_b11-0059,76,0.089
Blastula,B_B11,3,500ppb,B_blastula_b11-0060,77,0.090
Blastula,B_B11,3,500ppb,B_blastula_b11-0061,78,0.089
Blastula,B_B11,3,500ppb,B_blastula_b11-0063,80,0.090
Blastula,B_B11,3,500ppb,B_blastula_b11-0064,81,0.091
Blastula,B_B11,3,500ppb,B_blastula_b11-0065,82,0.099
Blastula,B_B11,3,500ppb,B_blastula_b11-0066,83,0.091
Blastula,B_B11,3,500ppb,B_blastula_b11-0067,84,0.094
Blastula,B_B11,3,500ppb,B_blastula_b11-0069,86,0.094
Blastula,B_B11,3,500ppb,B_blastula_b11-0070,87,0.096
Blastula,B_B11,3,500ppb,B_blastula_b11-0071,88,0.098
Blastula,B_B11,3,500ppb,B_blastula_b11-0071,89,0.094
Blastula,B_B11,3,500ppb,B_blastula_b11-0072,90,0.095
Blastula,B_B11,3,500ppb,B_blastula_b11-0072,91,0.090
Blastula,B_B11,3,500ppb,B_blastula_b11-0072,92,0.094
Blastula,B_B11,3,500ppb,B_blastula_b11-0073,93,0.092
Blastula,B_B11,3,500ppb,B_blastula_b11-0073,94,0.092
Blastula,B_B11,3,500ppb,B_blastula_b11-0075,96,0.092
Blastula,B_B11,3,500ppb,B_blastula_b11-0076,97,0.092
Blastula,B_B11,3,500ppb,B_blastula_b11-0077,98,0.092
Blastula,B_B11,3,500ppb,B_blastula_b11-0078,99,0.101
Blastula,B_B11,3,500ppb,B_blastula_b11-0079,100,0.091
Blastula,B_B11,3,500ppb,B_blastula_b11-0080,101,0.093
Blastula,B_B11,3,500ppb,B_blastula_b11-0081,102,0.090
Blastula,B_B11,3,500ppb,B_blastula_b11-0081,103,0.090
Blastula,B_B12,3,1000ppb,B_blastula_b12-0002,1,0.100
Blastula,B_B12,3,1000ppb,B_blastula_b12-0003,2,0.106
Blastula,B_B12,3,1000ppb,B_blastula_b12-0004,3,0.100
Blastula,B_B12,3,1000ppb,B_blastula_b12-0005,4,0.091
Blastula,B_B12,3,1000ppb,B_blastula_b12-0006,5,0.099
Blastula,B_B12,3,1000ppb,B_blastula_b12-0007,6,0.096
Blastula,B_B12,3,1000ppb,B_blastula_b12-0008,7,0.097
Blastula,B_B12,3,1000ppb,B_blastula_b12-0009,8,0.097
Blastula,B_B12,3,1000ppb,B_blastula_b12-0010,9,0.103
Blastula,B_B12,3,1000ppb,B_blastula_b12-0012,11,0.097
Blastula,B_B12,3,1000ppb,B_blastula_b12-0013,12,0.094
Blastula,B_B12,3,1000ppb,B_blastula_b12-0014,13,0.097
Blastula,B_B12,3,1000ppb,B_blastula_b12-0017,16,0.096
Blastula,B_B12,3,1000ppb,B_blastula_b12-0018,17,0.098
Blastula,B_B12,3,1000ppb,B_blastula_b12-0019,18,0.094
Blastula,B_B12,3,1000ppb,B_blastula_b12-0020,19,0.094
Blastula,B_B12,3,1000ppb,B_blastula_b12-0020,20,0.096
Blastula,B_B12,3,1000ppb,B_blastula_b12-0021,21,0.092
Blastula,B_B12,3,1000ppb,B_blastula_b12-0022,22,0.104
Blastula,B_B12,3,1000ppb,B_blastula_b12-0022,23,0.097
Blastula,B_B12,3,1000ppb,B_blastula_b12-0023,24,0.102
Blastula,B_B12,3,1000ppb,B_blastula_b12-0024,25,0.099
Blastula,B_B12,3,1000ppb,B_blastula_b12-0025,26,0.094
Blastula,B_B12,3,1000ppb,B_blastula_b12-0026,27,0.096
Blastula,B_B12,3,1000ppb,B_blastula_b12-0027,28,0.101
Blastula,B_B12,3,1000ppb,B_blastula_b12-0028,29,0.098
Blastula,B_B12,3,1000ppb,B_blastula_b12-0029,30,0.100
Blastula,B_B12,3,1000ppb,B_blastula_b12-0030,31,0.094
Blastula,B_B12,3,1000ppb,B_blastula_b12-0031,32,0.099
Blastula,B_B12,3,1000ppb,B_blastula_b12-0032,33,0.098
Blastula,B_B12,3,1000ppb,B_blastula_b12-0033,34,0.096
Blastula,B_B12,3,1000ppb,B_blastula_b12-0034,35,0.094
Blastula,B_B12,3,1000ppb,B_blastula_b12-0035,36,0.100
Blastula,B_B12,3,1000ppb,B_blastula_b12-0037,37,0.105
Blastula,B_B12,3,1000ppb,B_blastula_b12-0041,38,0.096
Blastula,B_B12,3,1000ppb,B_blastula_b12-0042,39,0.100
Blastula,B_B12,3,1000ppb,B_blastula_b12-0043,40,0.098
Blastula,B_B12,3,1000ppb,B_blastula_b12-0044,41,0.096
Blastula,B_B12,3,1000ppb,B_blastula_b12-0045,42,0.096
Blastula,B_B12,3,1000ppb,B_blastula_b12-0046,43,0.097
Blastula,B_B12,3,1000ppb,B_blastula_b12-0047,44,0.101
Blastula,B_B12,3,1000ppb,B_blastula_b12-0048,45,0.092
Blastula,B_B12,3,1000ppb,B_blastula_b12-0049,46,0.095
Blastula,B_B12,3,1000ppb,B_blastula_b12-0050,47,0.093
Blastula,B_B12,3,1000ppb,B_blastula_b12-0050,48,0.100
Blastula,B_B12,3,1000ppb,B_blastula_b12-0051,49,0.090
Blastula,B_B12,3,1000ppb,B_blastula_b12-0052,50,0.102
Blastula,B_B12,3,1000ppb,B_blastula_b12-0053,51,0.101
Blastula,B_B12,3,1000ppb,B_blastula_b12-0054,52,0.096
Blastula,B_B12,3,1000ppb,B_blastula_b12-0055,53,0.094
Blastula,B_B12,3,1000ppb,B_blastula_b12-0056,54,0.095
Blastula,B_B12,3,1000ppb,B_blastula_b12-0056,55,0.104
Blastula,B_B12,3,1000ppb,B_blastula_b12-0057,56,0.097
Blastula,B_B12,3,1000ppb,B_blastula_b12-0058,57,0.098
Blastula,B_B12,3,1000ppb,B_blastula_b12-0059,58,0.099
Blastula,B_B12,3,1000ppb,B_blastula_b12-0060,59,0.096
Blastula,B_B12,3,1000ppb,B_blastula_b12-0061,60,0.095
Blastula,B_B12,3,1000ppb,B_blastula_b12-0062,61,0.097
Blastula,B_B12,3,1000ppb,B_blastula_b12-0063,62,0.094
Blastula,B_B12,3,1000ppb,B_blastula_b12-0064,63,0.098
Blastula,B_B12,3,1000ppb,B_blastula_b12-0065,64,0.111
Blastula,B_B12,3,1000ppb,B_blastula_b12-0066,65,0.110
Blastula,B_B12,3,1000ppb,B_blastula_b12-0067,66,0.105
Blastula,B_B12,3,1000ppb,B_blastula_b12-0070,69,0.113
Blastula,B_B12,3,1000ppb,B_blastula_b12-0072,70,0.110
Blastula,B_B12,3,1000ppb,B_blastula_b12-0073,71,0.093
Blastula,B_B13,4,Control,B_blastula_b13-0002,1,0.088
Blastula,B_B13,4,Control,B_blastula_b13-0003,3,0.090
Blastula,B_B13,4,Control,B_blastula_b13-0004,4,0.088
Blastula,B_B13,4,Control,B_blastula_b13-0005,5,0.091
Blastula,B_B13,4,Control,B_blastula_b13-0006,6,0.084
Blastula,B_B13,4,Control,B_blastula_b13-0006,7,0.089
Blastula,B_B13,4,Control,B_blastula_b13-0007,8,0.089
Blastula,B_B13,4,Control,B_blastula_b13-0007,9,0.085
Blastula,B_B13,4,Control,B_blastula_b13-0008,11,0.086
Blastula,B_B13,4,Control,B_blastula_b13-0009,12,0.087
Blastula,B_B13,4,Control,B_blastula_b13-0009,13,0.087
Blastula,B_B13,4,Control,B_blastula_b13-0010,15,0.088
Blastula,B_B13,4,Control,B_blastula_b13-0010,16,0.092
Blastula,B_B13,4,Control,B_blastula_b13-0010,17,0.088
Blastula,B_B13,4,Control,B_blastula_b13-0011,18,0.085
Blastula,B_B13,4,Control,B_blastula_b13-0011,19,0.093
Blastula,B_B13,4,Control,B_blastula_b13-0011,20,0.088
Blastula,B_B13,4,Control,B_blastula_b13-0011,21,0.095
Blastula,B_B13,4,Control,B_blastula_b13-0012,22,0.090
Blastula,B_B13,4,Control,B_blastula_b13-0012,24,0.086
Blastula,B_B13,4,Control,B_blastula_b13-0012,25,0.092
Blastula,B_B13,4,Control,B_blastula_b13-0013,26,0.090
Blastula,B_B13,4,Control,B_blastula_b13-0014,27,0.089
Blastula,B_B13,4,Control,B_blastula_b13-0014,28,0.085
Blastula,B_B13,4,Control,B_blastula_b13-0014,29,0.092
Blastula,B_B13,4,Control,B_blastula_b13-0014,30,0.087
Blastula,B_B13,4,Control,B_blastula_b13-0014,31,0.086
Blastula,B_B13,4,Control,B_blastula_b13-0014,32,0.092
Blastula,B_B13,4,Control,B_blastula_b13-0015,33,0.087
Blastula,B_B13,4,Control,B_blastula_b13-0015,34,0.091
Blastula,B_B13,4,Control,B_blastula_b13-0015,35,0.089
Blastula,B_B13,4,Control,B_blastula_b13-0015,36,0.095
Blastula,B_B13,4,Control,B_blastula_b13-0016,38,0.085
Blastula,B_B13,4,Control,B_blastula_b13-0016,39,0.090
Blastula,B_B13,4,Control,B_blastula_b13-0016,40,0.093
Blastula,B_B13,4,Control,B_blastula_b13-0016,42,0.088
Blastula,B_B13,4,Control,B_blastula_b13-0016,43,0.089
Blastula,B_B13,4,Control,B_blastula_b13-0016,44,0.090
Blastula,B_B13,4,Control,B_blastula_b13-0017,45,0.084
Blastula,B_B13,4,Control,B_blastula_b13-0018,46,0.083
Blastula,B_B13,4,Control,B_blastula_b13-0018,47,0.088
Blastula,B_B13,4,Control,B_blastula_b13-0019,48,0.090
Blastula,B_B13,4,Control,B_blastula_b13-0020,49,0.085
Blastula,B_B13,4,Control,B_blastula_b13-0020,50,0.092
Blastula,B_B13,4,Control,B_blastula_b13-0021,52,0.092
Blastula,B_B13,4,Control,B_blastula_b13-0022,53,0.093
Blastula,B_B13,4,Control,B_blastula_b13-0023,54,0.087
Blastula,B_B13,4,Control,B_blastula_b13-0024,55,0.094
Blastula,B_B13,4,Control,B_blastula_b13-0024,56,0.086
Blastula,B_B13,4,Control,B_blastula_b13-0024,57,0.086
Blastula,B_B13,4,Control,B_blastula_b13-0025,58,0.093
Blastula,B_B13,4,Control,B_blastula_b13-0026,59,0.087
Blastula,B_B13,4,Control,B_blastula_b13-0026,60,0.087
Blastula,B_B13,4,Control,B_blastula_b13-0026,61,0.093
Blastula,B_B13,4,Control,B_blastula_b13-0026,62,0.085
Blastula,B_B13,4,Control,B_blastula_b13-0027,63,0.087
Blastula,B_B13,4,Control,B_blastula_b13-0028,64,0.085
Blastula,B_B13,4,Control,B_blastula_b13-0029,65,0.091
Blastula,B_B13,4,Control,B_blastula_b13-0030,66,0.091
Blastula,B_B13,4,Control,B_blastula_b13-0030,67,0.089
Blastula,B_B13,4,Control,B_blastula_b13-0031,68,0.085
Blastula,B_B13,4,Control,B_blastula_b13-0031,69,0.085
Blastula,B_B13,4,Control,B_blastula_b13-0032,70,0.085
Blastula,B_B13,4,Control,B_blastula_b13-0032,71,0.085
Blastula,B_B13,4,Control,B_blastula_b13-0032,72,0.085
Blastula,B_B13,4,Control,B_blastula_b13-0033,73,0.089
Blastula,B_B13,4,Control,B_blastula_b13-0034,74,0.083
Blastula,B_B13,4,Control,B_blastula_b13-0036,76,0.093
Blastula,B_B13,4,Control,B_blastula_b13-0037,77,0.094
Blastula,B_B13,4,Control,B_blastula_b13-0038,78,0.085
Blastula,B_B13,4,Control,B_blastula_b13-0039,79,0.092
Blastula,B_B13,4,Control,B_blastula_b13-0039,80,0.087
Blastula,B_B13,4,Control,B_blastula_b13-0040,81,0.085
Blastula,B_B13,4,Control,B_blastula_b13-0040,82,0.086
Blastula,B_B13,4,Control,B_blastula_b13-0040,83,0.091
Blastula,B_B13,4,Control,B_blastula_b13-0041,84,0.092
Blastula,B_B13,4,Control,B_blastula_b13-0042,85,0.093
Blastula,B_B13,4,Control,B_blastula_b13-0043,86,0.089
Blastula,B_B13,4,Control,B_blastula_b13-0045,88,0.087
Blastula,B_B13,4,Control,B_blastula_b13-0045,89,0.085
Blastula,B_B13,4,Control,B_blastula_b13-0046,90,0.094
Blastula,B_B13,4,Control,B_blastula_b13-0046,91,0.088
Blastula,B_B13,4,Control,B_blastula_b13-0047,92,0.093
Blastula,B_B13,4,Control,B_blastula_b13-0048,93,0.084
Blastula,B_B13,4,Control,B_blastula_b13-0048,94,0.086
Blastula,B_B13,4,Control,B_blastula_b13-0049,95,0.087
Blastula,B_B13,4,Control,B_blastula_b13-0050,96,0.091
Blastula,B_B13,4,Control,B_blastula_b13-0050,97,0.090
Blastula,B_B13,4,Control,B_blastula_b13-0051,98,0.089
Blastula,B_B13,4,Control,B_blastula_b13-0052,100,0.090
Blastula,B_B14,4,100ppb,B_blastula_b14-0002,1,0.087
Blastula,B_B14,4,100ppb,B_blastula_b14-0003,2,0.081
Blastula,B_B14,4,100ppb,B_blastula_b14-0003,3,0.089
Blastula,B_B14,4,100ppb,B_blastula_b14-0004,5,0.086
Blastula,B_B14,4,100ppb,B_blastula_b14-0005,6,0.085
Blastula,B_B14,4,100ppb,B_blastula_b14-0006,7,0.086
Blastula,B_B14,4,100ppb,B_blastula_b14-0007,8,0.086
Blastula,B_B14,4,100ppb,B_blastula_b14-0008,9,0.089
Blastula,B_B14,4,100ppb,B_blastula_b14-0009,10,0.083
Blastula,B_B14,4,100ppb,B_blastula_b14-0009,11,0.088
Blastula,B_B14,4,100ppb,B_blastula_b14-0010,12,0.090
Blastula,B_B14,4,100ppb,B_blastula_b14-0010,13,0.086
Blastula,B_B14,4,100ppb,B_blastula_b14-0011,14,0.089
Blastula,B_B14,4,100ppb,B_blastula_b14-0011,15,0.087
Blastula,B_B14,4,100ppb,B_blastula_b14-0012,16,0.083
Blastula,B_B14,4,100ppb,B_blastula_b14-0013,18,0.088
Blastula,B_B14,4,100ppb,B_blastula_b14-0014,20,0.095
Blastula,B_B14,4,100ppb,B_blastula_b14-0014,21,0.090
Blastula,B_B14,4,100ppb,B_blastula_b14-0015,22,0.091
Blastula,B_B14,4,100ppb,B_blastula_b14-0015,23,0.086
Blastula,B_B14,4,100ppb,B_blastula_b14-0016,24,0.087
Blastula,B_B14,4,100ppb,B_blastula_b14-0016,25,0.083
Blastula,B_B14,4,100ppb,B_blastula_b14-0017,28,0.087
Blastula,B_B14,4,100ppb,B_blastula_b14-0018,29,0.078
Blastula,B_B14,4,100ppb,B_blastula_b14-0019,30,0.089
Blastula,B_B14,4,100ppb,B_blastula_b14-0019,31,0.083
Blastula,B_B14,4,100ppb,B_blastula_b14-0020,34,0.083
Blastula,B_B14,4,100ppb,B_blastula_b14-0021,35,0.086
Blastula,B_B14,4,100ppb,B_blastula_b14-0022,36,0.089
Blastula,B_B14,4,100ppb,B_blastula_b14-0022,37,0.087
Blastula,B_B14,4,100ppb,B_blastula_b14-0023,38,0.087
Blastula,B_B14,4,100ppb,B_blastula_b14-0024,39,0.089
Blastula,B_B14,4,100ppb,B_blastula_b14-0024,40,0.086
Blastula,B_B14,4,100ppb,B_blastula_b14-0025,41,0.083
Blastula,B_B14,4,100ppb,B_blastula_b14-0025,42,0.089
Blastula,B_B14,4,100ppb,B_blastula_b14-0025,43,0.083
Blastula,B_B14,4,100ppb,B_blastula_b14-0026,44,0.081
Blastula,B_B14,4,100ppb,B_blastula_b14-0027,45,0.083
Blastula,B_B14,4,100ppb,B_blastula_b14-0027,46,0.086
Blastula,B_B14,4,100ppb,B_blastula_b14-0027,47,0.091
Blastula,B_B14,4,100ppb,B_blastula_b14-0028,48,0.087
Blastula,B_B14,4,100ppb,B_blastula_b14-0028,49,0.080
Blastula,B_B14,4,100ppb,B_blastula_b14-0028,50,0.083
Blastula,B_B14,4,100ppb,B_blastula_b14-0029,51,0.086
Blastula,B_B14,4,100ppb,B_blastula_b14-0029,52,0.087
Blastula,B_B14,4,100ppb,B_blastula_b14-0030,53,0.088
Blastula,B_B14,4,100ppb,B_blastula_b14-0030,54,0.085
Blastula,B_B14,4,100ppb,B_blastula_b14-0030,55,0.086
Blastula,B_B14,4,100ppb,B_blastula_b14-0030,56,0.085
Blastula,B_B14,4,100ppb,B_blastula_b14-0031,59,0.088
Blastula,B_B14,4,100ppb,B_blastula_b14-0032,60,0.083
Blastula,B_B14,4,100ppb,B_blastula_b14-0032,61,0.087
Blastula,B_B14,4,100ppb,B_blastula_b14-0033,62,0.084
Blastula,B_B14,4,100ppb,B_blastula_b14-0034,64,0.085
Blastula,B_B14,4,100ppb,B_blastula_b14-0035,65,0.084
Blastula,B_B14,4,100ppb,B_blastula_b14-0035,66,0.089
Blastula,B_B14,4,100ppb,B_blastula_b14-0035,67,0.087
Blastula,B_B14,4,100ppb,B_blastula_b14-0036,69,0.084
Blastula,B_B14,4,100ppb,B_blastula_b14-0036,71,0.089
Blastula,B_B14,4,100ppb,B_blastula_b14-0037,72,0.086
Blastula,B_B14,4,100ppb,B_blastula_b14-0038,73,0.091
Blastula,B_B14,4,100ppb,B_blastula_b14-0038,74,0.086
Blastula,B_B14,4,100ppb,B_blastula_b14-0039,75,0.089
Blastula,B_B14,4,100ppb,B_blastula_b14-0040,76,0.083
Blastula,B_B14,4,100ppb,B_blastula_b14-0041,77,0.087
Blastula,B_B14,4,100ppb,B_blastula_b14-0042,78,0.086
Blastula,B_B14,4,100ppb,B_blastula_b14-0043,79,0.083
Blastula,B_B14,4,100ppb,B_blastula_b14-0044,80,0.091
Blastula,B_B14,4,100ppb,B_blastula_b14-0045,81,0.095
Blastula,B_B14,4,100ppb,B_blastula_b14-0049,82,0.096
Blastula,B_B14,4,100ppb,B_blastula_b14-0049,84,0.097
Blastula,B_B14,4,100ppb,B_blastula_b14-0050,85,0.094
Blastula,B_B14,4,100ppb,B_blastula_b14-0051,86,0.087
Blastula,B_B14,4,100ppb,B_blastula_b14-0051,87,0.096
Blastula,B_B14,4,100ppb,B_blastula_b14-0052,88,0.089
Blastula,B_B14,4,100ppb,B_blastula_b14-0053,89,0.094
Blastula,B_B14,4,100ppb,B_blastula_b14-0053,90,0.086
Blastula,B_B14,4,100ppb,B_blastula_b14-0053,91,0.085
Blastula,B_B14,4,100ppb,B_blastula_b14-0054,93,0.091
Blastula,B_B14,4,100ppb,B_blastula_b14-0055,94,0.088
Blastula,B_B14,4,100ppb,B_blastula_b14-0056,95,0.086
Blastula,B_B14,4,100ppb,B_blastula_b14-0057,96,0.085
Blastula,B_B15,4,500ppb,B_blastula_b15-0002,1,0.085
Blastula,B_B15,4,500ppb,B_blastula_b15-0003,2,0.085
Blastula,B_B15,4,500ppb,B_blastula_b15-0004,3,0.086
Blastula,B_B15,4,500ppb,B_blastula_b15-0007,6,0.088
Blastula,B_B15,4,500ppb,B_blastula_b15-0008,7,0.079
Blastula,B_B15,4,500ppb,B_blastula_b15-0009,8,0.080
Blastula,B_B15,4,500ppb,B_blastula_b15-0009,9,0.092
Blastula,B_B15,4,500ppb,B_blastula_b15-0010,10,0.083
Blastula,B_B15,4,500ppb,B_blastula_b15-0011,11,0.083
Blastula,B_B15,4,500ppb,B_blastula_b15-0012,12,0.089
Blastula,B_B15,4,500ppb,B_blastula_b15-0014,15,0.085
Blastula,B_B15,4,500ppb,B_blastula_b15-0015,16,0.086
Blastula,B_B15,4,500ppb,B_blastula_b15-0016,17,0.084
Blastula,B_B15,4,500ppb,B_blastula_b15-0018,19,0.087
Blastula,B_B15,4,500ppb,B_blastula_b15-0019,20,0.086
Blastula,B_B15,4,500ppb,B_blastula_b15-0019,21,0.089
Blastula,B_B15,4,500ppb,B_blastula_b15-0020,22,0.082
Blastula,B_B15,4,500ppb,B_blastula_b15-0020,23,0.082
Blastula,B_B15,4,500ppb,B_blastula_b15-0021,24,0.083
Blastula,B_B15,4,500ppb,B_blastula_b15-0022,25,0.085
Blastula,B_B15,4,500ppb,B_blastula_b15-0023,26,0.086
Blastula,B_B15,4,500ppb,B_blastula_b15-0024,27,0.089
Blastula,B_B15,4,500ppb,B_blastula_b15-0025,28,0.085
Blastula,B_B15,4,500ppb,B_blastula_b15-0026,29,0.087
Blastula,B_B15,4,500ppb,B_blastula_b15-0027,30,0.087
Blastula,B_B15,4,500ppb,B_blastula_b15-0028,31,0.085
Blastula,B_B15,4,500ppb,B_blastula_b15-0029,32,0.085
Blastula,B_B15,4,500ppb,B_blastula_b15-0030,33,0.094
Blastula,B_B15,4,500ppb,B_blastula_b15-0032,35,0.083
Blastula,B_B15,4,500ppb,B_blastula_b15-0033,36,0.078
Blastula,B_B15,4,500ppb,B_blastula_b15-0034,37,0.090
Blastula,B_B15,4,500ppb,B_blastula_b15-0035,38,0.083
Blastula,B_B15,4,500ppb,B_blastula_b15-0036,39,0.086
Blastula,B_B15,4,500ppb,B_blastula_b15-0037,40,0.086
Blastula,B_B15,4,500ppb,B_blastula_b15-0038,41,0.085
Blastula,B_B15,4,500ppb,B_blastula_b15-0039,42,0.080
Blastula,B_B15,4,500ppb,B_blastula_b15-0041,44,0.086
Blastula,B_B15,4,500ppb,B_blastula_b15-0043,46,0.085
Blastula,B_B15,4,500ppb,B_blastula_b15-0044,47,0.085
Blastula,B_B15,4,500ppb,B_blastula_b15-0045,48,0.086
Blastula,B_B15,4,500ppb,B_blastula_b15-0046,49,0.086
Blastula,B_B15,4,500ppb,B_blastula_b15-0047,50,0.081
Blastula,B_B15,4,500ppb,B_blastula_b15-0048,51,0.081
Blastula,B_B15,4,500ppb,B_blastula_b15-0050,53,0.086
Blastula,B_B15,4,500ppb,B_blastula_b15-0051,54,0.082
Blastula,B_B15,4,500ppb,B_blastula_b15-0052,55,0.094
Blastula,B_B15,4,500ppb,B_blastula_b15-0053,56,0.087
Blastula,B_B15,4,500ppb,B_blastula_b15-0054,57,0.082
Blastula,B_B15,4,500ppb,B_blastula_b15-0055,58,0.085
Blastula,B_B15,4,500ppb,B_blastula_b15-0056,59,0.081
Blastula,B_B15,4,500ppb,B_blastula_b15-0057,60,0.086
Blastula,B_B15,4,500ppb,B_blastula_b15-0058,61,0.086
Blastula,B_B15,4,500ppb,B_blastula_b15-0059,62,0.083
Blastula,B_B15,4,500ppb,B_blastula_b15-0060,63,0.083
Blastula,B_B15,4,500ppb,B_blastula_b15-0061,64,0.082
Blastula,B_B15,4,500ppb,B_blastula_b15-0064,67,0.087
Blastula,B_B15,4,500ppb,B_blastula_b15-0066,69,0.090
Blastula,B_B15,4,500ppb,B_blastula_b15-0067,70,0.085
Blastula,B_B15,4,500ppb,B_blastula_b15-0069,72,0.078
Blastula,B_B15,4,500ppb,B_blastula_b15-0070,73,0.080
Blastula,B_B15,4,500ppb,B_blastula_b15-0073,76,0.090
Blastula,B_B15,4,500ppb,B_blastula_b15-0073,77,0.082
Blastula,B_B15,4,500ppb,B_blastula_b15-0078,82,0.085
Blastula,B_B15,4,500ppb,B_blastula_b15-0080,84,0.086
Blastula,B_B16,4,1000ppb,B_blastula_b16-0002,1,0.080
Blastula,B_B16,4,1000ppb,B_blastula_b16-0003,2,0.083
Blastula,B_B16,4,1000ppb,B_blastula_b16-0004,3,0.084
Blastula,B_B16,4,1000ppb,B_blastula_b16-0005,4,0.086
Blastula,B_B16,4,1000ppb,B_blastula_b16-0006,5,0.084
Blastula,B_B16,4,1000ppb,B_blastula_b16-0007,6,0.087
Blastula,B_B16,4,1000ppb,B_blastula_b16-0008,8,0.078
Blastula,B_B16,4,1000ppb,B_blastula_b16-0009,9,0.080
Blastula,B_B16,4,1000ppb,B_blastula_b16-0010,10,0.085
Blastula,B_B16,4,1000ppb,B_blastula_b16-0011,11,0.084
Blastula,B_B16,4,1000ppb,B_blastula_b16-0011,12,0.086
Blastula,B_B16,4,1000ppb,B_blastula_b16-0012,13,0.078
Blastula,B_B16,4,1000ppb,B_blastula_b16-0014,15,0.083
Blastula,B_B16,4,1000ppb,B_blastula_b16-0015,16,0.085
Blastula,B_B16,4,1000ppb,B_blastula_b16-0015,17,0.087
Blastula,B_B16,4,1000ppb,B_blastula_b16-0016,18,0.079
Blastula,B_B16,4,1000ppb,B_blastula_b16-0017,19,0.082
Blastula,B_B16,4,1000ppb,B_blastula_b16-0019,21,0.082
Blastula,B_B16,4,1000ppb,B_blastula_b16-0020,22,0.082
Blastula,B_B16,4,1000ppb,B_blastula_b16-0021,23,0.081
Blastula,B_B16,4,1000ppb,B_blastula_b16-0022,24,0.080
Blastula,B_B16,4,1000ppb,B_blastula_b16-0023,25,0.086
Blastula,B_B16,4,1000ppb,B_blastula_b16-0024,26,0.083
Blastula,B_B16,4,1000ppb,B_blastula_b16-0025,27,0.085
Blastula,B_B16,4,1000ppb,B_blastula_b16-0026,28,0.081
Blastula,B_B16,4,1000ppb,B_blastula_b16-0027,29,0.085
Blastula,B_B16,4,1000ppb,B_blastula_b16-0028,30,0.086
Blastula,B_B16,4,1000ppb,B_blastula_b16-0028,31,0.087
Blastula,B_B16,4,1000ppb,B_blastula_b16-0030,33,0.083
Blastula,B_B16,4,1000ppb,B_blastula_b16-0031,34,0.085
Blastula,B_B16,4,1000ppb,B_blastula_b16-0032,35,0.085
Blastula,B_B16,4,1000ppb,B_blastula_b16-0033,36,0.082
Blastula,B_B16,4,1000ppb,B_blastula_b16-0034,37,0.083
Blastula,B_B16,4,1000ppb,B_blastula_b16-0035,39,0.081
Blastula,B_B16,4,1000ppb,B_blastula_b16-0036,40,0.080
Blastula,B_B16,4,1000ppb,B_blastula_b16-0037,41,0.087
Blastula,B_B16,4,1000ppb,B_blastula_b16-0038,42,0.085
Blastula,B_B16,4,1000ppb,B_blastula_b16-0039,43,0.079
Blastula,B_B16,4,1000ppb,B_blastula_b16-0040,44,0.081
Blastula,B_B16,4,1000ppb,B_blastula_b16-0041,45,0.082
Blastula,B_B16,4,1000ppb,B_blastula_b16-0042,46,0.082
Blastula,B_B16,4,1000ppb,B_blastula_b16-0043,47,0.075
Blastula,B_B16,4,1000ppb,B_blastula_b16-0045,49,0.087
Blastula,B_B16,4,1000ppb,B_blastula_b16-0048,52,0.079
Blastula,B_B16,4,1000ppb,B_blastula_b16-0050,54,0.087
Blastula,B_B16,4,1000ppb,B_blastula_b16-0051,55,0.083
Blastula,B_B16,4,1000ppb,B_blastula_b16-0052,56,0.086
Blastula,B_B16,4,1000ppb,B_blastula_b16-0053,57,0.086
Blastula,B_B16,4,1000ppb,B_blastula_b16-0054,58,0.077
Blastula,B_B16,4,1000ppb,B_blastula_b16-0055,59,0.083
Blastula,B_B16,4,1000ppb,B_blastula_b16-0056,60,0.086
Blastula,B_B16,4,1000ppb,B_blastula_b16-0057,61,0.089
Blastula,B_B16,4,1000ppb,B_blastula_b16-0058,62,0.089
Blastula,B_B16,4,1000ppb,B_blastula_b16-0059,63,0.080
Blastula,B_B16,4,1000ppb,B_blastula_b16-0060,64,0.080
Blastula,B_B16,4,1000ppb,B_blastula_b16-0061,65,0.094
Blastula,B_B16,4,1000ppb,B_blastula_b16-0062,66,0.083
Blastula,B_B16,4,1000ppb,B_blastula_b16-0063,67,0.082