Stage,BeakerID,MatePair,Treatment,PhotoID,SampleID,Height(mm),Width(mm),Stomach_Length(mm),,,,,,,,,,,,,,,,
Gastrula,A_B1,1,Control,A_gastrula_b1-0002,1,0.119,0.113,,,,,,,,,,,,,,,,,
Gastrula,A_B1,1,Control,A_gastrula_b1-0003,2,0.12,0.113,0.078,,,,,,,,,,,,,,,,
Gastrula,A_B1,1,Control,A_gastrula_b1-0004,3,0.118,0.108,,,,,,,,,,,,,,,,,
Gastrula,A_B1,1,Control,A_gastrula_b1-0005,4,0.113,0.099,0.09,,,,,,,,,,,,,,,,
Gastrula,A_B1,1,Control,A_gastrula_b1-0006,5,0.106,0.114,0.055,,,,,,,,,,,,,,,,
Gastrula,A_B1,1,Control,A_gastrula_b1-0009,6,0.124,0.113,,,,,,,,,,,,,,,,,
Gastrula,A_B1,1,Control,A_gastrula_b1-0009,7,0.129,0.12,0.104,,,,,,,,,,,,,,,,
Gastrula,A_B1,1,Control,A_gastrula_b1-0012,9,0.103,0.114,0.051,,,,,,,,,,,,,,,,
Gastrula,A_B1,1,Control,A_gastrula_b1-0013,10,0.111,0.119,0.068,,,,,,,,,,,,,,,,
Gastrula,A_B1,1,Control,A_gastrula_b1-0015,12,0.119,0.119,,,,,,,,,,,,,,,,,
Gastrula,A_B1,1,Control,A_gastrula_b1-0016,13,0.119,0.109,,,,,,,,,,,,,,,,,
Gastrula,A_B1,1,Control,A_gastrula_b1-0017,14,0.124,0.116,0.099,,,,,,,,,,,,,,,,
Gastrula,A_B1,1,Control,A_gastrula_b1-0017,15,0.115,0.117,,,,,,,,,,,,,,,,,
Gastrula,A_B1,1,Control,A_gastrula_b1-0018,16,0.118,0.12,0.085,,,,,,,,,,,,,,,,
Gastrula,A_B1,1,Control,A_gastrula_b1-0020,17,0.13,0.113,0.07,,,,,,,,,,,,,,,,
Gastrula,A_B1,1,Control,A_gastrula_b1-0021,18,0.114,0.115,0.094,,,,,,,,,,,,,,,,
Gastrula,A_B1,1,Control,A_gastrula_b1-0022,19,0.112,0.114,0.061,,,,,,,,,,,,,,,,
Gastrula,A_B1,1,Control,A_gastrula_b1-0023,20,0.13,0.118,0.114,,,,,,,,,,,,,,,,
Gastrula,A_B1,1,Control,A_gastrula_b1-0027,22,0.113,0.123,0.078,,,,,,,,,,,,,,,,
Gastrula,A_B1,1,Control,A_gastrula_b1-0030,25,0.125,0.113,,,,,,,,,,,,,,,,,
Gastrula,A_B1,1,Control,A_gastrula_b1-0035,29,0.109,0.114,0.088,,,,,,,,,,,,,,,,
Gastrula,A_B1,1,Control,A_gastrula_b1-0039,31,0.124,0.117,0.099,,,,,,,,,,,,,,,,
Gastrula,A_B1,1,Control,A_gastrula_b1-0040,32,0.119,0.127,,,,,,,,,,,,,,,,,
Gastrula,A_B1,1,Control,A_gastrula_b1-0041,34,0.115,0.115,0.09,,,,,,,,,,,,,,,,
Gastrula,A_B1,1,Control,A_gastrula_b1-0047,39,0.131,0.105,,,,,,,,,,,,,,,,,
Gastrula,A_B1,1,Control,A_gastrula_b1-0047,40,0.117,0.107,,,,,,,,,,,,,,,,,
Gastrula,A_B1,1,Control,A_gastrula_b1-0048,41,0.108,0.119,0.059,,,,,,,,,,,,,,,,
Gastrula,A_B1,1,Control,A_gastrula_b1-0049,42,0.128,0.117,0.072,,,,,,,,,,,,,,,,
Gastrula,A_B1,1,Control,A_gastrula_b1-0050,43,0.115,0.117,0.089,,,,,,,,,,,,,,,,
Gastrula,A_B1,1,Control,A_gastrula_b1-0052,45,0.112,0.112,0.088,,,,,,,,,,,,,,,,
Gastrula,A_B1,1,Control,A_gastrula_b1-0053,46,0.177,0.118,0.099,,,,,,,,,,,,,,,,
Gastrula,A_B1,1,Control,A_gastrula_b1-0054,47,0.12,0.114,0.101,,,,,,,,,,,,,,,,
Gastrula,A_B1,1,Control,A_gastrula_b1-0055,49,0.13,0.119,0.109,,,,,,,,,,,,,,,,
Gastrula,A_B1,1,Control,A_gastrula_b1-0057,52,0.126,0.119,0.083,,,,,,,,,,,,,,,,
Gastrula,A_B1,1,Control,A_gastrula_b1-0057,53,0.138,0.124,0.082,,,,,,,,,,,,,,,,
Gastrula,A_B1,1,Control,A_gastrula_b1-0057,54,0.11,0.12,0.087,,,,,,,,,,,,,,,,
Gastrula,A_B1,1,Control,A_gastrula_b1-0057,55,0.113,0.11,0.098,,,,,,,,,,,,,,,,
Gastrula,A_B1,1,Control,A_gastrula_b1-0058,56,0.116,0.119,0.085,,,,,,,,,,,,,,,,
Gastrula,A_B1,1,Control,A_gastrula_b1-0059,57,0.137,0.119,0.113,,,,,,,,,,,,,,,,
Gastrula,A_B1,1,Control,A_gastrula_b1-0060,58,0.114,0.105,0.096,,,,,,,,,,,,,,,,
Gastrula,A_B1,1,Control,A_gastrula_b1-0061,59,0.119,0.112,0.063,,,,,,,,,,,,,,,,
Gastrula,A_B1,1,Control,A_gastrula_b1-0063,60,0.105,0.117,0.07,,,,,,,,,,,,,,,,
Gastrula,A_B1,1,Control,A_gastrula_b1-0064,61,0.116,0.119,0.087,,,,,,,,,,,,,,,,
Gastrula,A_B1,1,Control,A_gastrula_b1-0065,62,0.119,0.11,0.063,,,,,,,,,,,,,,,,
Gastrula,A_B2,1,100ppb,A_gastrula_b2-0002,1,0.127,0.108,0.097,,,,,,,,,,,,,,,,
Gastrula,A_B2,1,100ppb,A_gastrula_b2-0003,2,0.13,0.119,0.072,,,,,,,,,,,,,,,,
Gastrula,A_B2,1,100ppb,A_gastrula_b2-0003,3,0.136,0.117,0.112,,,,,,,,,,,,,,,,
Gastrula,A_B2,1,100ppb,A_gastrula_b2-0004,4,0.122,0.115,0.098,,,,,,,,,,,,,,,,
Gastrula,A_B2,1,100ppb,A_gastrula_b2-0005,5,0.122,0.116,0.103,,,,,,,,,,,,,,,,
Gastrula,A_B2,1,100ppb,A_gastrula_b2-0006,6,0.106,0.111,0.08,,,,,,,,,,,,,,,,
Gastrula,A_B2,1,100ppb,A_gastrula_b2-0007,7,0.128,0.112,0.112,,,,,,,,,,,,,,,,
Gastrula,A_B2,1,100ppb,A_gastrula_b2-0009,9,0.13,0.114,,,,,,,,,,,,,,,,,
Gastrula,A_B2,1,100ppb,A_gastrula_b2-0010,10,0.104,0.112,0.072,,,,,,,,,,,,,,,,
Gastrula,A_B2,1,100ppb,A_gastrula_b2-0012,12,0.132,0.113,,,,,,,,,,,,,,,,,
Gastrula,A_B2,1,100ppb,A_gastrula_b2-0013,13,0.127,0.113,,,,,,,,,,,,,,,,,
Gastrula,A_B2,1,100ppb,A_gastrula_b2-0014,14,0.128,0.111,0.098,,,,,,,,,,,,,,,,
Gastrula,A_B2,1,100ppb,A_gastrula_b2-0016,16,0.121,0.11,0.098,,,,,,,,,,,,,,,,
Gastrula,A_B2,1,100ppb,A_gastrula_b2-0017,17,0.12,0.117,0.073,,,,,,,,,,,,,,,,
Gastrula,A_B2,1,100ppb,A_gastrula_b2-0018,18,0.126,0.109,0.107,,,,,,,,,,,,,,,,
Gastrula,A_B2,1,100ppb,A_gastrula_b2-0019,19,0.125,0.105,0.094,,,,,,,,,,,,,,,,
Gastrula,A_B2,1,100ppb,A_gastrula_b2-0020,20,0.12,0.105,,,,,,,,,,,,,,,,,
Gastrula,A_B2,1,100ppb,A_gastrula_b2-0020,21,0.13,0.113,0.101,,,,,,,,,,,,,,,,
Gastrula,A_B2,1,100ppb,A_gastrula_b2-0022,23,0.119,0.111,0.093,,,,,,,,,,,,,,,,
Gastrula,A_B2,1,100ppb,A_gastrula_b2-0023,24,0.125,0.107,0.1,,,,,,,,,,,,,,,,
Gastrula,A_B2,1,100ppb,A_gastrula_b2-0024,25,0,0.104,,,,,,,,,,,,,,,,,
Gastrula,A_B2,1,100ppb,A_gastrula_b2-0025,26,0.114,0.104,,,,,,,,,,,,,,,,,
Gastrula,A_B2,1,100ppb,A_gastrula_b2-0026,27,0.125,0.11,0.1,,,,,,,,,,,,,,,,
Gastrula,A_B2,1,100ppb,A_gastrula_b2-0027,28,0.125,0.117,0.085,,,,,,,,,,,,,,,,
Gastrula,A_B2,1,100ppb,A_gastrula_b2-0028,29,0.126,0.111,0.098,,,,,,,,,,,,,,,,
Gastrula,A_B2,1,100ppb,A_gastrula_b2-0029,30,0.122,0.107,0.108,,,,,,,,,,,,,,,,
Gastrula,A_B2,1,100ppb,A_gastrula_b2-0029,32,0.12,0.114,0.093,,,,,,,,,,,,,,,,
Gastrula,A_B2,1,100ppb,A_gastrula_b2-0030,33,0.105,0.112,0.068,,,,,,,,,,,,,,,,
Gastrula,A_B2,1,100ppb,A_gastrula_b2-0031,34,0.127,0.122,0.104,,,,,,,,,,,,,,,,
Gastrula,A_B2,1,100ppb,A_gastrula_b2-0031,35,0.116,0.116,0.089,,,,,,,,,,,,,,,,
Gastrula,A_B2,1,100ppb,A_gastrula_b2-0031,36,0.101,0.111,0.085,,,,,,,,,,,,,,,,
Gastrula,A_B2,1,100ppb,A_gastrula_b2-0031,37,0.115,0.112,0.093,,,,,,,,,,,,,,,,
Gastrula,A_B2,1,100ppb,A_gastrula_b2-0031,38,0.117,0.11,0.093,,,,,,,,,,,,,,,,
Gastrula,A_B2,1,100ppb,A_gastrula_b2-0032,39,0.113,0.116,0.099,,,,,,,,,,,,,,,,
Gastrula,A_B2,1,100ppb,A_gastrula_b2-0033,40,0.121,0.108,0.098,,,,,,,,,,,,,,,,
Gastrula,A_B2,1,100ppb,A_gastrula_b2-0034,41,0.115,0.113,,,,,,,,,,,,,,,,,
Gastrula,A_B2,1,100ppb,A_gastrula_b2-0037,44,0.132,0.112,0.113,,,,,,,,,,,,,,,,
Gastrula,A_B2,1,100ppb,A_gastrula_b2-0038,45,0.128,0.114,0.113,,,,,,,,,,,,,,,,
Gastrula,A_B2,1,100ppb,A_gastrula_b2-0039,46,0.125,0.105,0.102,,,,,,,,,,,,,,,,
Gastrula,A_B2,1,100ppb,A_gastrula_b2-0040,47,0.115,0.115,,,,,,,,,,,,,,,,,
Gastrula,A_B2,1,100ppb,A_gastrula_b2-0041,48,0.114,0.105,0.097,,,,,,,,,,,,,,,,
Gastrula,A_B2,1,100ppb,A_gastrula_b2-0042,49,0.115,0.115,,,,,,,,,,,,,,,,,
Gastrula,A_B2,1,100ppb,A_gastrula_b2-0043,50,0.125,0.111,0.108,,,,,,,,,,,,,,,,
Gastrula,A_B2,1,100ppb,A_gastrula_b2-0045,52,0.121,0.117,0.058,,,,,,,,,,,,,,,,
Gastrula,A_B2,1,100ppb,A_gastrula_b2-0046,53,0.128,0.103,0.082,,,,,,,,,,,,,,,,
Gastrula,A_B2,1,100ppb,A_gastrula_b2-0047,54,0.116,0.109,0.075,,,,,,,,,,,,,,,,
Gastrula,A_B2,1,100ppb,A_gastrula_b2-0047,55,0.121,0.111,0.095,,,,,,,,,,,,,,,,
Gastrula,A_B2,1,100ppb,A_gastrula_b2-0048,56,0.114,0.111,0.068,,,,,,,,,,,,,,,,
Gastrula,A_B2,1,100ppb,A_gastrula_b2-0049,57,0.111,0.116,0.051,,,,,,,,,,,,,,,,
Gastrula,A_B2,1,100ppb,A_gastrula_b2-0050,58,0.123,0.109,0.108,,,,,,,,,,,,,,,,
Gastrula,A_B2,1,100ppb,A_gastrula_b2-0052,59,0.113,0.115,0.066,,,,,,,,,,,,,,,,
Gastrula,A_B2,1,100ppb,A_gastrula_b2-0053,60,0.113,0.107,0.073,,,,,,,,,,,,,,,,
Gastrula,A_B2,1,100ppb,A_gastrula_b2-0053,61,0.121,0.123,0.102,,,,,,,,,,,,,,,,
Gastrula,A_B2,1,100ppb,A_gastrula_b2-0055,62,0.128,0.103,0.085,,,,,,,,,,,,,,,,
Gastrula,A_B2,1,100ppb,A_gastrula_b2-0056,63,0.123,0,0.055,,,,,,,,,,,,,,,,
Gastrula,A_B2,1,100ppb,A_gastrula_b2-0057,64,0.124,0.109,0.112,,,,,,,,,,,,,,,,
Gastrula,A_B2,1,100ppb,A_gastrula_b2-0058,65,0.104,0.109,,,,,,,,,,,,,,,,,
Gastrula,A_B2,1,100ppb,A_gastrula_b2-0059,66,0.128,0.12,,,,,,,,,,,,,,,,,
Gastrula,A_B2,1,100ppb,A_gastrula_b2-0060,67,0.124,0.12,0.083,,,,,,,,,,,,,,,,
Gastrula,A_B2,1,100ppb,A_gastrula_b2-0061,68,0.126,0.118,,,,,,,,,,,,,,,,,
Gastrula,A_B2,1,100ppb,A_gastrula_b2-0062,69,0.117,0.122,,,,,,,,,,,,,,,,,
Gastrula,A_B2,1,100ppb,A_gastrula_b2-0063,70,0.123,0.108,,,,,,,,,,,,,,,,,
Gastrula,A_B2,1,100ppb,A_gastrula_b2-0064,71,0.111,0.114,,,,,,,,,,,,,,,,,
Gastrula,A_B2,1,100ppb,A_gastrula_b2-0065,74,0.12,0.111,0.079,,,,,,,,,,,,,,,,
Gastrula,A_B2,1,100ppb,A_gastrula_b2-0066,75,0.128,0.113,0.089,,,,,,,,,,,,,,,,
Gastrula,A_B2,1,100ppb,A_gastrula_b2-0067,76,0.124,0.109,0.096,,,,,,,,,,,,,,,,
Gastrula,A_B2,1,100ppb,A_gastrula_b2-0068,77,0.12,0.119,0.069,,,,,,,,,,,,,,,,
Gastrula,A_B2,1,100ppb,A_gastrula_b2-0069,78,0.114,0.112,0.091,,,,,,,,,,,,,,,,
Gastrula,A_B2,1,100ppb,A_gastrula_b2-0073,80,0.123,0.114,,,,,,,,,,,,,,,,,
Gastrula,A_B2,1,100ppb,A_gastrula_b2-0074,81,0.115,0.107,0.09,,,,,,,,,,,,,,,,
Gastrula,A_B2,1,100ppb,A_gastrula_b2-0075,82,0.119,0.115,0.104,,,,,,,,,,,,,,,,
Gastrula,A_B2,1,100ppb,A_gastrula_b2-0076,83,0.12,0.124,0.074,,,,,,,,,,,,,,,,
Gastrula,A_B2,1,100ppb,A_gastrula_b2-0077,84,0.11,0.104,,,,,,,,,,,,,,,,,
Gastrula,A_B3,1,500ppb,A_gastrula_b3-0005,2,0.116,0.11,,,,,,,,,,,,,,,,,
Gastrula,A_B3,1,500ppb,A_gastrula_b3-0013,9,0.12,0.114,,,,,,,,,,,,,,,,,
Gastrula,A_B3,1,500ppb,A_gastrula_b3-0014,10,0.113,0.095,,,,,,,,,,,,,,,,,
Gastrula,A_B3,1,500ppb,A_gastrula_b3-0015,11,0.12,0.102,,,,,,,,,,,,,,,,,
Gastrula,A_B3,1,500ppb,A_gastrula_b3-0016,12,0.117,0.106,,,,,,,,,,,,,,,,,
Gastrula,A_B3,1,500ppb,A_gastrula_b3-0017,13,0.129,0.112,,,,,,,,,,,,,,,,,
Gastrula,A_B3,1,500ppb,A_gastrula_b3-0018,14,0.113,0.106,0.082,,,,,,,,,,,,,,,,
Gastrula,A_B3,1,500ppb,A_gastrula_b3-0019,15,0.119,0.107,0.069,,,,,,,,,,,,,,,,
Gastrula,A_B3,1,500ppb,A_gastrula_b3-0021,16,0.106,0.094,0.073,,,,,,,,,,,,,,,,
Gastrula,A_B3,1,500ppb,A_gastrula_b3-0022,17,0.11,0.104,0.095,,,,,,,,,,,,,,,,
Gastrula,A_B3,1,500ppb,A_gastrula_b3-0023,18,0.121,0.105,,,,,,,,,,,,,,,,,
Gastrula,A_B3,1,500ppb,A_gastrula_b3-0024,19,0.112,0.105,0.079,,,,,,,,,,,,,,,,
Gastrula,A_B3,1,500ppb,A_gastrula_b3-0025,20,0.12,0.108,0.1,,,,,,,,,,,,,,,,
Gastrula,A_B3,1,500ppb,A_gastrula_b3-0026,21,0.105,0.099,0.069,,,,,,,,,,,,,,,,
Gastrula,A_B3,1,500ppb,A_gastrula_b3-0027,22,0.106,0.095,0.083,,,,,,,,,,,,,,,,
Gastrula,A_B3,1,500ppb,A_gastrula_b3-0028,23,0.119,0.107,0.101,,,,,,,,,,,,,,,,
Gastrula,A_B3,1,500ppb,A_gastrula_b3-0029,24,0.115,0.109,0.068,,,,,,,,,,,,,,,,
Gastrula,A_B3,1,500ppb,A_gastrula_b3-0031,26,0.135,0.115,0.118,,,,,,,,,,,,,,,,
Gastrula,A_B3,1,500ppb,A_gastrula_b3-0032,27,0.111,0.112,0.07,,,,,,,,,,,,,,,,
Gastrula,A_B3,1,500ppb,A_gastrula_b3-0033,28,0.106,0.104,,,,,,,,,,,,,,,,,
Gastrula,A_B3,1,500ppb,A_gastrula_b3-0035,30,0.11,0.107,0.106,,,,,,,,,,,,,,,,
Gastrula,A_B3,1,500ppb,A_gastrula_b3-0037,32,0.117,0.109,0.09,,,,,,,,,,,,,,,,
Gastrula,A_B3,1,500ppb,A_gastrula_b3-0038,33,0.113,0.108,,,,,,,,,,,,,,,,,
Gastrula,A_B3,1,500ppb,A_gastrula_b3-0038,34,0.118,0.115,,,,,,,,,,,,,,,,,
Gastrula,A_B3,1,500ppb,A_gastrula_b3-0039,35,0.116,0.11,,,,,,,,,,,,,,,,,
Gastrula,A_B3,1,500ppb,A_gastrula_b3-0040,36,0.122,0.111,,,,,,,,,,,,,,,,,
Gastrula,A_B3,1,500ppb,A_gastrula_b3-0042,37,0.116,0.104,0.078,,,,,,,,,,,,,,,,
Gastrula,A_B3,1,500ppb,A_gastrula_b3-0043,38,0.119,0.109,0.061,,,,,,,,,,,,,,,,
Gastrula,A_B3,1,500ppb,A_gastrula_b3-0044,39,0.111,0.115,0.082,,,,,,,,,,,,,,,,
Gastrula,A_B3,1,500ppb,A_gastrula_b3-0045,40,0.108,0.111,,,,,,,,,,,,,,,,,
Gastrula,A_B3,1,500ppb,A_gastrula_b3-0046,41,0.112,0.11,0.09,,,,,,,,,,,,,,,,
Gastrula,A_B3,1,500ppb,A_gastrula_b3-0047,42,0.111,0.112,,,,,,,,,,,,,,,,,
Gastrula,A_B3,1,500ppb,A_gastrula_b3-0048,43,0.109,0.109,,,,,,,,,,,,,,,,,
Gastrula,A_B3,1,500ppb,A_gastrula_b3-0048,44,0.11,0.107,0.08,,,,,,,,,,,,,,,,
Gastrula,A_B3,1,500ppb,A_gastrula_b3-0049,45,0.121,0.113,,,,,,,,,,,,,,,,,
Gastrula,A_B3,1,500ppb,A_gastrula_b3-0050,46,0.13,0.116,0.105,,,,,,,,,,,,,,,,
Gastrula,A_B3,1,500ppb,A_gastrula_b3-0051,47,0.114,0.114,,,,,,,,,,,,,,,,,
Gastrula,A_B3,1,500ppb,A_gastrula_b3-0052,48,0.119,0.111,,,,,,,,,,,,,,,,,
Gastrula,A_B3,1,500ppb,A_gastrula_b3-0052,49,0.121,0.117,0.086,,,,,,,,,,,,,,,,
Gastrula,A_B3,1,500ppb,A_gastrula_b3-0053,50,0.116,0.117,,,,,,,,,,,,,,,,,
Gastrula,A_B3,1,500ppb,A_gastrula_b3-0054,51,0.106,0.108,0.083,,,,,,,,,,,,,,,,
Gastrula,A_B3,1,500ppb,A_gastrula_b3-0055,52,0.116,0.109,,,,,,,,,,,,,,,,,
Gastrula,A_B3,1,500ppb,A_gastrula_b3-0056,53,0.111,0.111,0.082,,,,,,,,,,,,,,,,
Gastrula,A_B3,1,500ppb,A_gastrula_b3-0058,55,0.114,0.108,,,,,,,,,,,,,,,,,
Gastrula,A_B3,1,500ppb,A_gastrula_b3-0060,56,0.13,0.131,0.097,,,,,,,,,,,,,,,,
Gastrula,A_B3,1,500ppb,A_gastrula_b3-0062,57,0.108,0.109,,,,,,,,,,,,,,,,,
Gastrula,A_B4,1,1000ppb,A_gastrula_b1-0002,1,0.112,0.117,0.091,scale was blurry,,,,,,,,,,,,,,,
Gastrula,A_B4,1,1000ppb,A_gastrula_b1-0003,2,0.115,0.102,,,,,,,,,,,,,,,,,
Gastrula,A_B4,1,1000ppb,A_gastrula_b1-0004,3,0.114,0.118,0.083,,,,,,,,,,,,,,,,
Gastrula,A_B4,1,1000ppb,A_gastrula_b1-0005,4,0.115,0.111,,,,,,,,,,,,,,,,,
Gastrula,A_B4,1,1000ppb,A_gastrula_b1-0006,5,0.118,0.121,,,,,,,,,,,,,,,,,
Gastrula,A_B4,1,1000ppb,A_gastrula_b1-0007,6,0.126,0.119,0.103,,,,,,,,,,,,,,,,
Gastrula,A_B4,1,1000ppb,A_gastrula_b1-0008,7,0.121,0.113,0.097,,,,,,,,,,,,,,,,
Gastrula,A_B4,1,1000ppb,A_gastrula_b1-0008,8,0.115,0.109,,,,,,,,,,,,,,,,,
Gastrula,A_B4,1,1000ppb,A_gastrula_b1-0009,9,0.125,0.112,,,,,,,,,,,,,,,,,
Gastrula,A_B4,1,1000ppb,A_gastrula_b1-0009,10,0,0.121,0.076,,,,,,,,,,,,,,,,
Gastrula,A_B4,1,1000ppb,A_gastrula_b1-0009,11,0.127,0.118,0.099,,,,,,,,,,,,,,,,
Gastrula,A_B4,1,1000ppb,A_gastrula_b1-0010,13,0.128,0.116,0.105,,,,,,,,,,,,,,,,
Gastrula,A_B4,1,1000ppb,A_gastrula_b1-0011,14,0.12,0.11,0.093,,,,,,,,,,,,,,,,
Gastrula,A_B4,1,1000ppb,A_gastrula_b1-0012,15,0.113,0.113,,,,,,,,,,,,,,,,,
Gastrula,A_B4,1,1000ppb,A_gastrula_b1-0013,16,0.127,0.112,0.108,,,,,,,,,,,,,,,,
Gastrula,A_B4,1,1000ppb,A_gastrula_b1-0014,18,0.112,0.123,0.093,,,,,,,,,,,,,,,,
Gastrula,A_B4,1,1000ppb,A_gastrula_b1-0015,19,0.115,0.115,,,,,,,,,,,,,,,,,
Gastrula,A_B4,1,1000ppb,A_gastrula_b1-0015,20,0.125,0.111,,,,,,,,,,,,,,,,,
Gastrula,A_B4,1,1000ppb,A_gastrula_b1-0016,21,0.112,0.116,0.098,,,,,,,,,,,,,,,,
Gastrula,A_B4,1,1000ppb,A_gastrula_b1-0017,22,0.112,0.115,,,,,,,,,,,,,,,,,
Gastrula,A_B4,1,1000ppb,A_gastrula_b1-0018,23,0.119,0.112,,,,,,,,,,,,,,,,,
Gastrula,A_B4,1,1000ppb,A_gastrula_b1-0020,25,0.118,0.108,0.088,,,,,,,,,,,,,,,,
Gastrula,A_B4,1,1000ppb,A_gastrula_b1-0021,26,0.112,0.117,,,,,,,,,,,,,,,,,
Gastrula,A_B4,1,1000ppb,A_gastrula_b1-0021,27,0.114,0.108,,,,,,,,,,,,,,,,,
Gastrula,A_B4,1,1000ppb,A_gastrula_b1-0022,28,0.121,0.119,0.099,,,,,,,,,,,,,,,,
Gastrula,A_B4,1,1000ppb,A_gastrula_b1-0022,29,0.127,0.117,0.085,,,,,,,,,,,,,,,,
Gastrula,A_B4,1,1000ppb,A_gastrula_b1-0023,30,0.127,0.114,0.116,,,,,,,,,,,,,,,,
Gastrula,A_B4,1,1000ppb,A_gastrula_b1-0024,31,0.114,0.113,,,,,,,,,,,,,,,,,
Gastrula,A_B4,1,1000ppb,A_gastrula_b1-0025,32,0.111,,,,,,,,,,,,,,,,,,
Gastrula,A_B4,1,1000ppb,A_gastrula_b1-0028,34,0.111,0.114,0.095,,,,,,,,,,,,,,,,
Gastrula,A_B4,1,1000ppb,A_gastrula_b1-0029,35,0.11,0.113,0.068,,,,,,,,,,,,,,,,
Gastrula,A_B4,1,1000ppb,A_gastrula_b1-0030,36,0.124,0.112,0.116,,,,,,,,,,,,,,,,
Gastrula,A_B4,1,1000ppb,A_gastrula_b1-0033,38,0.122,0.112,,,,,,,,,,,,,,,,,
Gastrula,A_B4,1,1000ppb,A_gastrula_b1-0034,39,0.122,0.103,0.075,,,,,,,,,,,,,,,,
Gastrula,A_B4,1,1000ppb,A_gastrula_b1-0035,40,0.12,0.115,0.093,,,,,,,,,,,,,,,,
Gastrula,A_B4,1,1000ppb,A_gastrula_b1-0036,41,0.113,0.119,0.089,,,,,,,,,,,,,,,,
Gastrula,A_B4,1,1000ppb,A_gastrula_b1-0037,42,0.115,0.112,0.094,,,,,,,,,,,,,,,,
Gastrula,A_B4,1,1000ppb,A_gastrula_b1-0037,43,0.133,0.122,0.083,,,,,,,,,,,,,,,,
Gastrula,A_B4,1,1000ppb,A_gastrula_b1-0038,44,0.128,0.118,,,,,,,,,,,,,,,,,
Gastrula,A_B4,1,1000ppb,A_gastrula_b1-0040,45,0.118,0.128,,,,,,,,,,,,,,,,,
Gastrula,A_B4,1,1000ppb,A_gastrula_b1-0041,47,0.132,0.117,0.086,,,,,,,,,,,,,,,,
Gastrula,A_B4,1,1000ppb,A_gastrula_b1-0042,48,0.107,0.104,,,,,,,,,,,,,,,,,
Gastrula,A_B4,1,1000ppb,A_gastrula_b1-0043,49,0.118,0.109,0.095,,,,,,,,,,,,,,,,
Gastrula,A_B4,1,1000ppb,A_gastrula_b1-0044,50,0.124,0.111,0.103,,,,,,,,,,,,,,,,
Gastrula,A_B4,1,1000ppb,A_gastrula_b1-0045,51,0.12,0.116,0.108,,,,,,,,,,,,,,,,
Gastrula,A_B4,1,1000ppb,A_gastrula_b1-0047,53,0.11,0.111,,,,,,,,,,,,,,,,,
Gastrula,A_B4,1,1000ppb,A_gastrula_b1-0049,55,0.123,0.119,0.098,,,,,,,,,,,,,,,,
Gastrula,A_B4,1,1000ppb,A_gastrula_b1-0053,56,0.12,0.112,0.095,,,,,,,,,,,,,,,,
Gastrula,A_B4,1,1000ppb,A_gastrula_b1-0055,58,0.12,0.113,0.102,,,,,,,,,,,,,,,,
Gastrula,A_B4,1,1000ppb,A_gastrula_b1-0056,59,0.125,0.115,0.102,,,,,,,,,,,,,,,,
Gastrula,A_B4,1,1000ppb,A_gastrula_b1-0057,60,0.124,0.112,0.105,,,,,,,,,,,,,,,,
Gastrula,A_B4,1,1000ppb,A_gastrula_b1-0058,61,0.117,0.111,0.092,,,,,,,,,,,,,,,,
Gastrula,A_B4,1,1000ppb,A_gastrula_b1-0059,62,0.135,0.107,0.118,,,,,,,,,,,,,,,,
Gastrula,A_B4,1,1000ppb,A_gastrula_b1-0060,63,0.118,0.109,,,,,,,,,,,,,,,,,
Gastrula,A_B4,1,1000ppb,A_gastrula_b1-0061,64,0.121,0.107,0.104,,,,,,,,,,,,,,,,
Gastrula,A_B4,1,1000ppb,A_gastrula_b1-0062,65,0,0.108,,,,,,,,,,,,,,,,,
Gastrula,A_B4,1,1000ppb,A_gastrula_b1-0062,66,0.113,0.112,0.088,,,,,,,,,,,,,,,,
Gastrula ,A_B5,2,Control,A_gastrula_b5-0002,1,0.126,0.13,0.104,,,,,,,,,,,,,,,,
Gastrula ,A_B5,2,Control,A_gastrula_b5-0006,3,0.124,0.127,,,,,,,,,,,,,,,,,
Gastrula ,A_B5,2,Control,A_gastrula_b5-0008,5,0.128,0.119,0.111,,,,,,,,,,,,,,,,
Gastrula ,A_B5,2,Control,A_gastrula_b5-0009,6,0.126,0.137,0.091,,,,,,,,,,,,,,,,
Gastrula ,A_B5,2,Control,A_gastrula_b5-0013,9,0.133,0.13,0.105,SKIPPED 11,,,,,,,,,,,,,,,
Gastrula ,A_B5,2,Control,A_gastrula_b5-0016,12,0.137,0.131,0.114,,,,,,,,,,,,,,,,
Gastrula ,A_B5,2,Control,A_gastrula_b5-0018,14,0.14,0.125,0.107,,,,,,,,,,,,,,,,
Gastrula ,A_B5,2,Control,A_gastrula_b5-0019,15,0.135,0.118,,,,,,,,,,,,,,,,,
Gastrula ,A_B5,2,Control,A_gastrula_b5-0021,17,0.144,0.136,0.109,,,,,,,,,,,,,,,,
Gastrula ,A_B5,2,Control,A_gastrula_b5-0022,18,0.131,0.125,0.1,,,,,,,,,,,,,,,,
Gastrula ,A_B5,2,Control,A_gastrula_b5-0025,20,0.125,0.132,0.063,,,,,,,,,,,,,,,,
Gastrula ,A_B5,2,Control,A_gastrula_b5-0026,22,0.123,0.127,0.107,,,,,,,,,,,,,,,,
Gastrula ,A_B5,2,Control,A_gastrula_b5-0030,24,0.128,0.126,0.076,,,,,,,,,,,,,,,,
Gastrula ,A_B5,2,Control,A_gastrula_b5-0033,27,0.115,0.122,0.093,,,,,,,,,,,,,,,,
Gastrula ,A_B5,2,Control,A_gastrula_b5-0035,29,0.145,0.126,0.113,,,,,,,,,,,,,,,,
Gastrula ,A_B5,2,Control,A_gastrula_b5-0039,32,0.121,0.13,0.084,,,,,,,,,,,,,,,,
Gastrula ,A_B5,2,Control,A_gastrula_b5-0041,34,0.112,0.134,0.101,,,,,,,,,,,,,,,,
Gastrula ,A_B5,2,Control,A_gastrula_b5-0043,36,0.113,0.133,0.095,,,,,,,,,,,,,,,,
Gastrula ,A_B5,2,Control,A_gastrula_b5-0044,37,0.131,0.125,0.102,,,,,,,,,,,,,,,,
Gastrula ,A_B5,2,Control,A_gastrula_b5-0045,38,0.128,0.125,,,,,,,,,,,,,,,,,
Gastrula ,A_B5,2,Control,A_gastrula_b5-0047,40,0.129,0.123,,I think 39 is upright?,,,,,,,,,,,,,,,
Gastrula ,A_B5,2,Control,A_gastrula_b5-0049,42,0.136,0.127,0.11,,,,,,,,,,,,,,,,
Gastrula ,A_B5,2,Control,A_gastrula_b5-0051,44,0.122,0.131,,,,,,,,,,,,,,,,,
Gastrula ,A_B5,2,Control,A_gastrula_b5-0053,45,0.132,0.109,,,,,,,,,,,,,,,,,
Gastrula ,A_B5,2,Control,A_gastrula_b5-0054,46,0.124,0.126,,,,,,,,,,,,,,,,,
Gastrula ,A_B5,2,Control,A_gastrula_b5-0056,48,0.134,0.127,0.11,,,,,,,,,,,,,,,,
Gastrula ,A_B5,2,Control,A_gastrula_b5-0057,49,0.123,0.127,0.073,,,,,,,,,,,,,,,,
Gastrula ,A_B5,2,Control,A_gastrula_b5-0058,50,0.14,0.124,0.105,,,,,,,,,,,,,,,,
Gastrula ,A_B5,2,Control,A_gastrula_b5-0059,51,0.137,0.136,0.109,,,,,,,,,,,,,,,,
Gastrula ,A_B5,2,Control,A_gastrula_b5-0064,55,0.125,0.126,0.096,,,,,,,,,,,,,,,,
Gastrula ,A_B5,2,Control,A_gastrula_b5-0065,56,0.146,0.135,,,,,,,,,,,,,,,,,
Gastrula ,A_B5,2,Control,A_gastrula_b5-0066,57,0.132,0.109,,,,,,,,,,,,,,,,,
Gastrula ,A_B5,2,Control,A_gastrula_b5-0067,58,0.133,0.135,,,,,,,,,,,,,,,,,
Gastrula ,A_B5,2,Control,A_gastrula_b5-0068,59,0.134,0.124,,,,,,,,,,,,,,,,,
Gastrula ,A_B5,2,Control,A_gastrula_b5-0069,60,0.14,0.12,,,,,,,,,,,,,,,,,
Gastrula ,A_B5,2,Control,A_gastrula_b5-0070,61,0.138,0.129,,,,,,,,,,,,,,,,,
Gastrula ,A_B5,2,Control,A_gastrula_b5-0074,64,0.134,0.126,0.107,,,,,,,,,,,,,,,,
Gastrula ,A_B5,2,Control,A_gastrula_b5-0074,65,0.138,0.129,0.109,,,,,,,,,,,,,,,,
Gastrula,A_B6,2,100ppb,A_gastrula_b6-0003,2,0.119,0.139,0.081,,,,,,,,,,,,,,,,
Gastrula,A_B6,2,100ppb,A_gastrula_b6-0004,3,0.127,0.128,0.107,,,,,,,,,,,,,,,,
Gastrula,A_B6,2,100ppb,A_gastrula_b6-0005,4,0.112,0.121,,,,,,,,,,,,,,,,,
Gastrula,A_B6,2,100ppb,A_gastrula_b6-0006,5,0.127,0.124,0.106,,,,,,,,,,,,,,,,
Gastrula,A_B6,2,100ppb,A_gastrula_b6-0009,6,0.122,0.136,0.067,,,,,,,,,,,,,,,,
Gastrula,A_B6,2,100ppb,A_gastrula_b6-0010,7,0.146,0.137,,,,,,,,,,,,,,,,,
Gastrula,A_B6,2,100ppb,A_gastrula_b6-0011,8,0.146,0.137,,,,,,,,,,,,,,,,,
Gastrula,A_B6,2,100ppb,A_gastrula_b6-0027,24,0.11,0.136,,,,,,,,,,,,,,,,,
Gastrula,A_B6,2,100ppb,A_gastrula_b6-0029,25,0.134,0.133,,,,,,,,,,,,,,,,,
Gastrula,A_B6,2,100ppb,A_gastrula_b6-0030,26,0.135,0.135,0.064,,,,,,,,,,,,,,,,
Gastrula,A_B6,2,100ppb,A_gastrula_b6-0031,27,0.144,0.137,,,,,,,,,,,,,,,,,
Gastrula,A_B6,2,100ppb,A_gastrula_b6-0036,31,0.113,0.136,0.095,,,,,,,,,,,,,,,,
Gastrula,A_B6,2,100ppb,A_gastrula_b6-0036,32,0.132,0.131,0.11,,,,,,,,,,,,,,,,
Gastrula,A_B6,2,100ppb,A_gastrula_b6-0038,34,0.139,0.134,0.114,,,,,,,,,,,,,,,,
Gastrula,A_B6,2,100ppb,A_gastrula_b6-0040,35,0.134,0.128,,,,,,,,,,,,,,,,,
Gastrula,A_B6,2,100ppb,A_gastrula_b6-0041,36,0.139,0.139,0.118,,,,,,,,,,,,,,,,
Gastrula,A_B6,2,100ppb,A_gastrula_b6-0043,38,0.135,0.139,,,,,,,,,,,,,,,,,
Gastrula,A_B6,2,100ppb,A_gastrula_b6-0044,39,0.141,0.131,0.081,,,,,,,,,,,,,,,,
Gastrula,A_B6,2,100ppb,A_gastrula_b6-0046,42,0.149,0.138,0.083,,,,,,,,,,,,,,,,
Gastrula,A_B6,2,100ppb,A_gastrula_b6-0047,43,0.139,0.139,0.115,,,,,,,,,,,,,,,,
Gastrula,A_B6,2,100ppb,A_gastrula_b6-0048,44,0.144,0.136,0.109,,,,,,,,,,,,,,,,
Gastrula,A_B6,2,100ppb,A_gastrula_b6-0052,48,0.14,0.146,0.108,,,,,,,,,,,,,,,,
Gastrula,A_B6,2,100ppb,A_gastrula_b6-0054,51,0.141,0.151,,,,,,,,,,,,,,,,,
Gastrula,A_B6,2,100ppb,A_gastrula_b6-0058,55,0.138,0.133,0.116,,,,,,,,,,,,,,,,
Gastrula,A_B6,2,100ppb,A_gastrula_b6-0060,57,0.145,0.143,0.117,,,,,,,,,,,,,,,,
Gastrula,A_B6,2,100ppb,A_gastrula_b6-0061,58,0.137,0.128,,,,,,,,,,,,,,,,,
Gastrula,A_B6,2,100ppb,A_gastrula_b6-0062,59,0.144,0.129,,,,,,,,,,,,,,,,,
Gastrula,A_B6,2,100ppb,A_gastrula_b6-0068,64,0.136,0.129,0.102,,,,,,,,,,,,,,,,
Gastrula,A_B6,2,100ppb,A_gastrula_b6-0069,65,0.148,0.138,0.105,,,,,,,,,,,,,,,,
Gastrula,A_B6,2,100ppb,A_gastrula_b6-0071,67,0.131,0.128,0.107,,,,,,,,,,,,,,,,
Gastrula,A_B6,2,100ppb,A_gastrula_b6-0074,70,0.119,0.133,,,,,,,,,,,,,,,,,
Gastrula,A_B6,2,100ppb,A_gastrula_b6-0074,71,0.129,0.127,0.089,,,,,,,,,,,,,,,,
Gastrula,A_B6,2,100ppb,A_gastrula_b6-0076,72,0.141,0.13,,,,,,,,,,,,,,,,,
Gastrula,A_B6,2,100ppb,A_gastrula_b6-0076,73,0.142,0.136,0.115,,,,,,,,,,,,,,,,
Gastrula,A_B6,2,100ppb,A_gastrula_b6-0078,75,0.132,0.13,0.096,,,,,,,,,,,,,,,,
Gastrula,A_B6,2,100ppb,A_gastrula_b6-0079,76,0.141,0.134,,,,,,,,,,,,,,,,,
Gastrula,A_B6,2,100ppb,A_gastrula_b6-0080,77,0.144,0.13,,,,,,,,,,,,,,,,,
Gastrula,A_B6,2,100ppb,A_gastrula_b6-0082,78,0.125,0.139,0.071,,,,,,,,,,,,,,,,
Gastrula,A_B6,2,100ppb,A_gastrula_b6-0083,79,0.138,0.133,0.105,,,,,,,,,,,,,,,,
Gastrula,A_B6,2,100ppb,A_gastrula_b6-0084,80,0.131,0.11,,,,,,,,,,,,,,,,,
Gastrula,A_B6,2,100ppb,A_gastrula_b6-0087,83,0.137,0.13,0.101,,,,,,,,,,,,,,,,
Gastrula,A_B6,2,100ppb,A_gastrula_b6-0089,85,0.147,0.144,0.087,,,,,,,,,,,,,,,,
Gastrula,A_B6,2,100ppb,A_gastrula_b6-0090,86,0.145,0.131,0.095,,,,,,,,,,,,,,,,
Gastrula,A_B7,2,500ppb,A_gastrula_b7-0005,4,0.132,0.122,,,,,,,,,,,,,,,,,
Gastrula,A_B7,2,500ppb,A_gastrula_b7-0009,8,0.124,0.127,,,,,,,,,,,,,,,,,
Gastrula,A_B7,2,500ppb,A_gastrula_b7-0010,9,0.128,0.134,0.089,,,,,,,,,,,,,,,,
Gastrula,A_B7,2,500ppb,A_gastrula_b7-0016,16,0.142,0.137,0.11,,,,,,,,,,,,,,,,
Gastrula,A_B7,2,500ppb,A_gastrula_b7-0018,18,0.134,0.13,0.086,,,,,,,,,,,,,,,,
Gastrula,A_B7,2,500ppb,A_gastrula_b7-0020,20,0.132,0.122,0.105,,,,,,,,,,,,,,,,
Gastrula,A_B7,2,500ppb,A_gastrula_b7-0026,26,0.115,0.124,0.1,,,,,,,,,,,,,,,,
Gastrula,A_B7,2,500ppb,A_gastrula_b7-0033,36,0.115,0.119,,,,,,,,,,,,,,,,,
Gastrula,A_B7,2,500ppb,A_gastrula_b7-0042,45,0.12,0.128,,,,,,,,,,,,,,,,,
Gastrula,A_B7,2,500ppb,A_gastrula_b7-0046,48,0.115,0.118,0.098,,,,,,,,,,,,,,,,
Gastrula,A_B7,2,500ppb,A_gastrula_b7-0052,53,0.123,0.124,,,,,,,,,,,,,,,,,
Gastrula,A_B7,2,500ppb,A_gastrula_b7-0056,57,0.123,0.12,0.083,,,,,,,,,,,,,,,,
Gastrula,A_B7,2,500ppb,A_gastrula_b7-0058,59,0.124,,0.092,,,,,,,,,,,,,,,,
Gastrula,A_B7,2,500ppb,A_gastrula_b7-0059,60,0.109,0.128,,,,,,,,,,,,,,,,,
Gastrula,A_B7,2,500ppb,A_gastrula_b7-0067,67,0.113,0.124,0.083,,,,,,,,,,,,,,,,
Gastrula,A_B7,2,500ppb,A_gastrula_b7-0068,69,,0.128,0.084,wtf?,,,,,,,,,,,,,,,
Gastrula,A_B8,2,1000ppb,A_gastrula_b8-0022,24,0.126,0.13,0.052,,,,,,,,,,,,,,,,
Gastrula,B_B9,3,Control,A_gastrula_b9-0002,1,0.119,0.107,0.059,,,,,,,,,,,,,,,,
Gastrula,B_B9,3,Control,A_gastrula_b9-0003,2,0.1,0.105,0.06,,,,,,,,,,,,,,,,
Gastrula,B_B9,3,Control,A_gastrula_b9-0003,3,0.112,0.112,0.073,,,,,,,,,,,,,,,,
Gastrula,B_B9,3,Control,A_gastrula_b9-0004,4,0.122,0.118,0.076,,,,,,,,,,,,,,,,
Gastrula,B_B9,3,Control,A_gastrula_b9-0006,6,0,0,0.08,,,,,,,,,,,,,,,,
Gastrula,B_B9,3,Control,A_gastrula_b9-0007,7,0.116,0.108,0.058,,,,,,,,,,,,,,,,
Gastrula,B_B9,3,Control,A_gastrula_b9-0008,8,0.109,0.11,,,,,,,,,,,,,,,,,
Gastrula,B_B9,3,Control,A_gastrula_b9-0015,12,0.108,0.108,,,,,,,,,,,,,,,,,
Gastrula,B_B9,3,Control,A_gastrula_b9-0016,13,0.121,,0.056,,,,,,,,,,,,,,,,
Gastrula,B_B9,3,Control,A_gastrula_b9-0020,17,0.123,0.112,0.07,,,,,,,,,,,,,,,,
Gastrula,B_B9,3,Control,A_gastrula_b9-0025,21,0.108,0.109,,,,,,,,,,,,,,,,,
Gastrula,B_B9,3,Control,A_gastrula_b9-0026,22,0.102,0.109,0.052,,,,,,,,,,,,,,,,
Gastrula,B_B9,3,Control,A_gastrula_b9-0029,24,0.115,0.114,,,,,,,,,,,,,,,,,
Gastrula,B_B9,3,Control,A_gastrula_b9-0030,25,0.119,0.119,0.084,,,,,,,,,,,,,,,,
Gastrula,B_B9,3,Control,A_gastrula_b9-0031,26,0.119,0.115,0.086,,,,,,,,,,,,,,,,
Gastrula,B_B9,3,Control,A_gastrula_b9-0032,27,0.116,0.112,0.089,,,,,,,,,,,,,,,,
Gastrula,B_B9,3,Control,A_gastrula_b9-0034,29,0.101,0.105,,,,,,,,,,,,,,,,,
Gastrula,B_B9,3,Control,A_gastrula_b9-0036,31,0.114,0.118,0.076,,,,,,,,,,,,,,,,
Gastrula,B_B9,3,Control,A_gastrula_b9-0037,32,0.112,0.112,0.08,,,,,,,,,,,,,,,,
Gastrula,B_B9,3,Control,A_gastrula_b9-0038,33,0.118,0.1,,,,,,,,,,,,,,,,,
Gastrula,B_B9,3,Control,A_gastrula_b9-0042,34,0.104,0.108,0.068,,,,,,,,,,,,,,,,
Gastrula,B_B9,3,Control,A_gastrula_b9-0042,35,0.12,0.12,,,,,,,,,,,,,,,,,
Gastrula,B_B9,3,Control,A_gastrula_b9-0048,40,0.114,0.106,0.061,,,,,,,,,,,,,,,,
Gastrula,B_B9,3,Control,A_gastrula_b9-0049,41,0.103,0.11,0.065,,,,,,,,,,,,,,,,
Gastrula,B_B9,3,Control,A_gastrula_b9-0050,42,0.114,0.114,0.069,,,,,,,,,,,,,,,,
Gastrula,B_B9,3,Control,A_gastrula_b9-0052,44,0.107,0.11,0.071,,,,,,,,,,,,,,,,
Gastrula,B_B9,3,Control,A_gastrula_b9-0053,45,0.105,0.122,0.065,,,,,,,,,,,,,,,,
Gastrula,B_B9,3,Control,A_gastrula_b9-0054,46,0.124,0.114,0.088,,,,,,,,,,,,,,,,
Gastrula,B_B9,3,Control,A_gastrula_b9-0055,47,0.121,0.112,,,,,,,,,,,,,,,,,
Gastrula,B_B9,3,Control,A_gastrula_b9-0056,48,0.111,0.117,0.069,,,,,,,,,,,,,,,,
Gastrula,B_B9,3,Control,A_gastrula_b9-0057,49,0.108,0.1,0.056,,,,,,,,,,,,,,,,
Gastrula,B_B9,3,Control,A_gastrula_b9-0059,50,0.114,0.105,0.092,,,,,,,,,,,,,,,,
Gastrula,B_B9,3,Control,A_gastrula_b9-0060,51,0.108,0.105,0.086,,,,,,,,,,,,,,,,
Gastrula,B_B9,3,Control,A_gastrula_b9-0060,52,0.11,0.111,0.052,,,,,,,,,,,,,,,,
Gastrula,B_B9,3,Control,A_gastrula_b9-0060,53,0.108,0.108,0.052,,,,,,,,,,,,,,,,
Gastrula,B_B9,3,Control,A_gastrula_b9-0061,54,0.12,0.106,,,,,,,,,,,,,,,,,
Gastrula,B_B9,3,Control,A_gastrula_b9-0062,55,0.119,0.115,0.074,,,,,,,,,,,,,,,,
Gastrula,B_B9,3,Control,A_gastrula_b9-0063,56,0.111,0.121,,,,,,,,,,,,,,,,,
Gastrula,B_B9,3,Control,A_gastrula_b9-0064,57,0.111,0.116,0.076,,,,,,,,,,,,,,,,
Gastrula,B_B9,3,Control,A_gastrula_b9-0068,60,0.123,0.115,0.071,,,,,,,,,,,,,,,,
Gastrula,B_B9,3,Control,A_gastrula_b9-0069,61,0.113,0.111,0.059,,,,,,,,,,,,,,,,
Gastrula,B_B9,3,Control,A_gastrula_b9-0070,62,0.117,0.112,0.078,,,,,,,,,,,,,,,,
Gastrula,B_B9,3,Control,A_gastrula_b9-0071,63,0.113,0.113,0.056,,,,,,,,,,,,,,,,
Gastrula,B_B10,3,100ppb,A_gastrula_b10-0002,1,0.121,0.12,0.06,,,,,,,,,,,,,,,,
Gastrula,B_B10,3,100ppb,A_gastrula_b10-0005,4,0.122,0.128,0.066,,,,,,,,,,,,,,,,
Gastrula,B_B10,3,100ppb,A_gastrula_b10-0007,5,0.118,0.119,0.052,,,,,,,,,,,,,,,,
Gastrula,B_B10,3,100ppb,A_gastrula_b10-0008,6,0.119,0.117,,,,,,,,,,,,,,,,,
Gastrula,B_B10,3,100ppb,A_gastrula_b10-0010,8,0.118,0.123,0.063,,,,,,,,,,,,,,,,
Gastrula,B_B10,3,100ppb,A_gastrula_b10-0011,9,0.124,0.111,,,,,,,,,,,,,,,,,
Gastrula,B_B10,3,100ppb,A_gastrula_b10-0012,10,0.108,0.124,0.09,,,,,,,,,,,,,,,,
Gastrula,B_B10,3,100ppb,A_gastrula_b10-0013,11,0.116,0.119,0.058,,,,,,,,,,,,,,,,
Gastrula,B_B10,3,100ppb,A_gastrula_b10-0015,13,0.124,0.128,0.072,,,,,,,,,,,,,,,,
Gastrula,B_B10,3,100ppb,A_gastrula_b10-0016,14,0.113,0.119,0.067,,,,,,,,,,,,,,,,
Gastrula,B_B10,3,100ppb,A_gastrula_b10-0018,15,0.119,0.113,,,,,,,,,,,,,,,,,
Gastrula,B_B10,3,100ppb,A_gastrula_b10-0020,17,0.119,0.116,0.07,,,,,,,,,,,,,,,,
Gastrula,B_B10,3,100ppb,A_gastrula_b10-0022,20,0.122,0.116,0.063,,,,,,,,,,,,,,,,
Gastrula,B_B10,3,100ppb,A_gastrula_b10-0023,21,0.12,0.121,0.061,,,,,,,,,,,,,,,,
Gastrula,B_B10,3,100ppb,A_gastrula_b10-0025,22,0.117,0.114,,,,,,,,,,,,,,,,,
Gastrula,B_B10,3,100ppb,A_gastrula_b10-0026,23,0.126,0.125,0.068,,,,,,,,,,,,,,,,
Gastrula,B_B10,3,100ppb,A_gastrula_b10-0027,24,0.117,0.12,0.063,,,,,,,,,,,,,,,,
Gastrula,B_B10,3,100ppb,A_gastrula_b10-0030,28,0.115,0.117,0.063,,,,,,,,,,,,,,,,
Gastrula,B_B10,3,100ppb,A_gastrula_b10-0032,29,0.109,0.122,,,,,,,,,,,,,,,,,
Gastrula,B_B10,3,100ppb,A_gastrula_b10-0034,31,0.115,0.121,0.054,,,,,,,,,,,,,,,,
Gastrula,B_B10,3,100ppb,A_gastrula_b10-0035,32,0.12,0.11,0.07,,,,,,,,,,,,,,,,
Gastrula,B_B10,3,100ppb,A_gastrula_b10-0037,35,0.116,0.108,,,,,,,,,,,,,,,,,
Gastrula,B_B10,3,100ppb,A_gastrula_b10-0042,38,0.111,0.108,0.071,,,,,,,,,,,,,,,,
Gastrula,B_B10,3,100ppb,A_gastrula_b10-0043,39,0.128,0.13,0.071,,,,,,,,,,,,,,,,
Gastrula,B_B10,3,100ppb,A_gastrula_b10-0044,40,0.119,0.112,,,,,,,,,,,,,,,,,
Gastrula,B_B10,3,100ppb,A_gastrula_b10-0045,41,0.122,0.123,0.059,,,,,,,,,,,,,,,,
Gastrula,B_B10,3,100ppb,A_gastrula_b10-0049,43,0.122,0.117,0.059,,,,,,,,,,,,,,,,
Gastrula,B_B10,3,100ppb,A_gastrula_b10-0051,45,0.108,0.115,,,,,,,,,,,,,,,,,
Gastrula,B_B10,3,100ppb,A_gastrula_b10-0051,46,0.125,0.118,,,,,,,,,,,,,,,,,
Gastrula,B_B10,3,100ppb,A_gastrula_b10-0052,47,0.115,0.108,,,,,,,,,,,,,,,,,
Gastrula,B_B10,3,100ppb,A_gastrula_b10-0054,48,0.129,0.114,,,,,,,,,,,,,,,,,
Gastrula,B_B10,3,100ppb,A_gastrula_b10-0054,49,0.111,0.113,0.062,,,,,,,,,,,,,,,,
Gastrula,B_B10,3,100ppb,A_gastrula_b10-0056,51,0.118,0.122,0.074,,,,,,,,,,,,,,,,
Gastrula,B_B10,3,100ppb,A_gastrula_b10-0057,53,0.127,0.124,0.06,,,,,,,,,,,,,,,,
Gastrula,B_B10,3,100ppb,A_gastrula_b10-0058,54,0.125,0.112,0.067,,,,,,,,,,,,,,,,
Gastrula,B_B10,3,100ppb,A_gastrula_b10-0059,55,0.119,0.122,0.06,,,,,,,,,,,,,,,,
Gastrula,B_B10,3,100ppb,A_gastrula_b10-0060,56,0.116,0.124,0.072,,,,,,,,,,,,,,,,
Gastrula,B_B10,3,100ppb,A_gastrula_b10-0061,57,0.122,0.116,0.058,,,,,,,,,,,,,,,,
Gastrula,B_B10,3,100ppb,A_gastrula_b10-0062,58,0.12,0.121,,,,,,,,,,,,,,,,,
Gastrula,B_B10,3,100ppb,A_gastrula_b10-0063,59,0.118,0.122,0.062,,,,,,,,,,,,,,,,
Gastrula,B_B10,3,100ppb,A_gastrula_b10-0064,60,0.124,0.122,0.057,,,,,,,,,,,,,,,,
Gastrula,B_B10,3,100ppb,A_gastrula_b10-0065,61,0.123,0.115,0.072,,,,,,,,,,,,,,,,
Gastrula,B_B10,3,100ppb,A_gastrula_b10-0070,63,0.115,0.117,,,,,,,,,,,,,,,,,
Gastrula,B_B10,3,100ppb,A_gastrula_b10-0071,64,0.118,0.12,,,,,,,,,,,,,,,,,
Gastrula,B_B10,3,100ppb,A_gastrula_b10-0072,65,0.12,0.12,0.072,,,,,,,,,,,,,,,,
Gastrula,B_B10,3,100ppb,A_gastrula_b10-0073,66,0.128,0.119,0.053,,,,,,,,,,,,,,,,
Gastrula,B_B10,3,100ppb,A_gastrula_b10-0077,68,0.113,0.114,0.066,,,,,,,,,,,,,,,,
Gastrula,B_B10,3,100ppb,A_gastrula_b10-0079,70,0.118,0.112,0.057,,,,,,,,,,,,,,,,
Gastrula,B_B10,3,100ppb,A_gastrula_b10-0082,72,0.114,0.118,0.067,,,,,,,,,,,,,,,,
Gastrula,B_B10,3,100ppb,A_gastrula_b10-0085,74,0.117,0.125,0.056,,,,,,,,,,,,,,,,
Gastrula,B_B10,3,100ppb,A_gastrula_b10-0087,76,0.11,0.107,0.059,,,,,,,,,,,,,,,,
Gastrula,B_B10,3,100ppb,A_gastrula_b10-0088,77,0.121,0.111,0.057,,,,,,,,,,,,,,,,
Gastrula,B_B10,3,100ppb,A_gastrula_b10-0089,78,0.117,0.124,0.055,,,,,,,,,,,,,,,,
Gastrula,B_B11,3,500ppb,A_gastrula_b11-0003,1,0.112,0.096,0.061,,,,,,,,,,,,,,,,
Gastrula,B_B11,3,500ppb,A_gastrula_b11-0004,2,0.115,0.12,0.069,skipped 3,,,,,,,,,,,,,,,
Gastrula,B_B11,3,500ppb,A_gastrula_b11-0011,7,0.105,0.104,0.061,,,,,,,,,,,,,,,,
Gastrula,B_B11,3,500ppb,A_gastrula_b11-0015,11,0.124,0.118,0.084,,,,,,,,,,,,,,,,
Gastrula,B_B11,3,500ppb,A_gastrula_b11-0016,12,0.12,0.125,0.065,,,,,,,,,,,,,,,,
Gastrula,B_B11,3,500ppb,A_gastrula_b11-0024,20,0.121,0.12,0.064,,,,,,,,,,,,,,,,
Gastrula,B_B11,3,500ppb,A_gastrula_b11-0025,21,0.105,0.111,,,,,,,,,,,,,,,,,
Gastrula,B_B11,3,500ppb,A_gastrula_b11-0028,23,0.124,0.113,0.079,,,,,,,,,,,,,,,,
Gastrula,B_B11,3,500ppb,A_gastrula_b11-0030,25,0.109,0.111,,,,,,,,,,,,,,,,,
Gastrula,B_B11,3,500ppb,A_gastrula_b11-0033,27,0.111,0.106,0.071,,,,,,,,,,,,,,,,
Gastrula,B_B11,3,500ppb,A_gastrula_b11-0036,29,0.099,0.107,,,,,,,,,,,,,,,,,
Gastrula,B_B11,3,500ppb,A_gastrula_b11-0042,34,0.112,0.121,0.066,,,,,,,,,,,,,,,,
Gastrula,B_B11,3,500ppb,A_gastrula_b11-0044,36,0.117,0.109,0.055,,,,,,,,,,,,,,,,
Gastrula,B_B11,3,500ppb,A_gastrula_b11-0046,38,0.12,0.105,0.07,,,,,,,,,,,,,,,,
Gastrula,B_B11,3,500ppb,A_gastrula_b11-0048,40,0.113,0.112,0.064,,,,,,,,,,,,,,,,
Gastrula,B_B11,3,500ppb,A_gastrula_b11-0052,44,0.096,0.112,,,,,,,,,,,,,,,,,
Gastrula,B_B11,3,500ppb,A_gastrula_b11-0053,45,0.113,0.121,,,,,,,,,,,,,,,,,
Gastrula,B_B11,3,500ppb,A_gastrula_b11-0055,47,0.125,0.112,,skipped 48,,,,,,,,,,,,,,,
Gastrula,B_B12,3,1000ppb,A_gastrula_b12-0002,1,0.156,0.141,0.123,,,,,,,,,,,,,,,,
Gastrula,B_B12,3,1000ppb,A_gastrula_b12-0003,2,0.127,0.124,0.085,,,,,,,,,,,,,,,,
Gastrula,B_B12,3,1000ppb,A_gastrula_b12-0007,5,0.129,0.12,0.1,,,,,,,,,,,,,,,,
Gastrula,B_B12,3,1000ppb,A_gastrula_b12-0008,6,0.129,0.118,0.112,,,,,,,,,,,,,,,,
Gastrula,B_B12,3,1000ppb,A_gastrula_b12-0010,8,0.113,0.124,0.061,,,,,,,,,,,,,,,,
Gastrula,B_B12,3,1000ppb,A_gastrula_b12-0011,9,0.12,0.121,0.061,,,,,,,,,,,,,,,,
Gastrula,B_B12,3,1000ppb,A_gastrula_b12-0012,10,0.129,0.115,,,,,,,,,,,,,,,,,
Gastrula,B_B12,3,1000ppb,A_gastrula_b12-0015,11,0.12,0.122,0.09,,,,,,,,,,,,,,,,
Gastrula,B_B12,3,1000ppb,A_gastrula_b12-0019,12,0.128,0.121,,,,,,,,,,,,,,,,,
Gastrula,B_B12,3,1000ppb,A_gastrula_b12-0020,13,0.115,0.109,0.1,,,,,,,,,,,,,,,,
Gastrula,B_B12,3,1000ppb,A_gastrula_b12-0021,14,0.119,0.125,0.1,,,,,,,,,,,,,,,,
Gastrula,B_B12,3,1000ppb,A_gastrula_b12-0021,15,0.118,0.119,0.081,,,,,,,,,,,,,,,,
Gastrula,B_B12,3,1000ppb,A_gastrula_b12-0023,17,0.12,0.117,0.07,,,,,,,,,,,,,,,,
Gastrula,B_B12,3,1000ppb,A_gastrula_b12-0024,18,0.118,0.117,0.087,,,,,,,,,,,,,,,,
Gastrula,B_B12,3,1000ppb,A_gastrula_b12-0026,20,0.115,0.112,,,,,,,,,,,,,,,,,
Gastrula,B_B12,3,1000ppb,A_gastrula_b12-0027,21,0.12,0.118,0.064,,,,,,,,,,,,,,,,
Gastrula,B_B12,3,1000ppb,A_gastrula_b12-0028,22,0.124,0.126,0.081,,,,,,,,,,,,,,,,
Gastrula,B_B12,3,1000ppb,A_gastrula_b12-0029,23,0.123,0.108,0.104,,,,,,,,,,,,,,,,
Gastrula,B_B12,3,1000ppb,A_gastrula_b12-0031,24,0.107,0.109,0.052,,,,,,,,,,,,,,,,
Gastrula,B_B12,3,1000ppb,A_gastrula_b12-0032,25,0.123,0.109,,,,,,,,,,,,,,,,,
Gastrula,B_B12,3,1000ppb,A_gastrula_b12-0033,26,0.109,0.106,0.062,,,,,,,,,,,,,,,,
Gastrula,B_B12,3,1000ppb,A_gastrula_b12-0034,27,0.122,0.117,0.075,,,,,,,,,,,,,,,,
Gastrula,B_B12,3,1000ppb,A_gastrula_b12-0035,28,0.115,0.121,0.067,,,,,,,,,,,,,,,,
Gastrula,B_B12,3,1000ppb,A_gastrula_b12-0036,29,0.127,0.118,0.089,,,,,,,,,,,,,,,,
Gastrula,B_B12,3,1000ppb,A_gastrula_b12-0037,30,0.112,0.111,0.082,,,,,,,,,,,,,,,,
Gastrula,B_B12,3,1000ppb,A_gastrula_b12-0038,31,0.121,0.121,0.086,,,,,,,,,,,,,,,,
Gastrula,B_B12,3,1000ppb,A_gastrula_b12-0039,32,0.122,0.122,0.083,,,,,,,,,,,,,,,,
Gastrula,B_B12,3,1000ppb,A_gastrula_b12-0040,33,0.124,0.121,0.056,,,,,,,,,,,,,,,,
Gastrula,B_B12,3,1000ppb,A_gastrula_b12-0042,35,0.115,0.121,0.057,,,,,,,,,,,,,,,,
Gastrula,B_B12,3,1000ppb,A_gastrula_b12-0045,36,0.113,0.118,0.093,,,,,,,,,,,,,,,,
Gastrula,B_B12,3,1000ppb,A_gastrula_b12-0046,37,0.119,0.133,0.052,,,,,,,,,,,,,,,,
Gastrula,B_B12,3,1000ppb,A_gastrula_b12-0048,38,0.129,0.124,0.102,,,,,,,,,,,,,,,,
Gastrula,B_B12,3,1000ppb,A_gastrula_b12-0050,40,0.124,0.113,0.096,,,,,,,,,,,,,,,,
Gastrula,B_B12,3,1000ppb,A_gastrula_b12-0053,41,0.126,0.116,0.087,,,,,,,,,,,,,,,,
Gastrula,B_B12,3,1000ppb,A_gastrula_b12-0057,44,0.119,0.126,0.075,,,,,,,,,,,,,,,,
Gastrula,B_B12,3,1000ppb,A_gastrula_b12-0058,45,0.122,0.117,0.104,,,,,,,,,,,,,,,,
Gastrula,B_B13,4,Control,A_gastrula_b13-0002,1,0.108,0.09,,,,,,,,,,,,,,,,,
Gastrula,B_B13,4,Control,A_gastrula_b13-0005,4,0.109,0.108,,,,,,,,,,,,,,,,,
Gastrula,B_B13,4,Control,A_gastrula_b13-0006,5,0.102,0.112,0.084,,,,,,,,,,,,,,,,
Gastrula,B_B13,4,Control,A_gastrula_b13-0006,6,0.128,0.107,0.09,,,,,,,,,,,,,,,,
Gastrula,B_B13,4,Control,A_gastrula_b13-0007,7,0.106,,0.056,,,,,,,,,,,,,,,,
Gastrula,B_B13,4,Control,A_gastrula_b13-0012,8,0.111,0.109,0.082,,,,,,,,,,,,,,,,
Gastrula,B_B13,4,Control,A_gastrula_b13-0013,9,0.112,0.107,,,,,,,,,,,,,,,,,
Gastrula,B_B13,4,Control,A_gastrula_b13-0016,11,0.103,0.107,,,,,,,,,,,,,,,,,
Gastrula,B_B13,4,Control,A_gastrula_b13-0017,12,0.11,0.116,0.07,,,,,,,,,,,,,,,,
Gastrula,B_B13,4,Control,A_gastrula_b13-0018,13,0.101,0.102,,,,,,,,,,,,,,,,,
Gastrula,B_B13,4,Control,A_gastrula_b13-0019,14,0.104,0.105,0.085,,,,,,,,,,,,,,,,
Gastrula,B_B13,4,Control,A_gastrula_b13-0020,15,0.107,0.106,0.058,,,,,,,,,,,,,,,,
Gastrula,B_B13,4,Control,A_gastrula_b13-0021,16,0.109,0.109,0.093,,,,,,,,,,,,,,,,
Gastrula,B_B13,4,Control,A_gastrula_b13-0026,17,0.103,0.111,0.07,,,,,,,,,,,,,,,,
Gastrula,B_B13,4,Control,A_gastrula_b13-0027,18,0.113,0.1,0.095,,,,,,,,,,,,,,,,
Gastrula,B_B13,4,Control,A_gastrula_b13-0032,20,0.114,0.107,0.08,,,,,,,,,,,,,,,,
Gastrula,B_B13,4,Control,A_gastrula_b13-0033,21,0.121,0.111,0.101,,,,,,,,,,,,,,,,
Gastrula,B_B13,4,Control,A_gastrula_b13-0034,22,0.1,0.108,0.063,,,,,,,,,,,,,,,,
Gastrula,B_B13,4,Control,A_gastrula_b13-0035,23,0.108,0.109,0.096,,,,,,,,,,,,,,,,
Gastrula,B_B13,4,Control,A_gastrula_b13-0036,24,0.114,0.107,0.101,,,,,,,,,,,,,,,,
Gastrula,B_B13,4,Control,A_gastrula_b13-0037,25,0.109,0.106,0.065,,,,,,,,,,,,,,,,
Gastrula,B_B13,4,Control,A_gastrula_b13-0039,27,0.115,0.113,0.079,,,,,,,,,,,,,,,,
Gastrula,B_B13,4,Control,A_gastrula_b13-0040,28,0.12,0.113,0.107,,,,,,,,,,,,,,,,
Gastrula,B_B13,4,Control,A_gastrula_b13-0041,30,0.106,0.108,0.087,,,,,,,,,,,,,,,,
Gastrula,B_B13,4,Control,A_gastrula_b13-0042,31,0.123,0.114,0.101,,,,,,,,,,,,,,,,
Gastrula,B_B13,4,Control,A_gastrula_b13-0047,34,0.109,0.097,,,,,,,,,,,,,,,,,
Gastrula,B_B13,4,Control,A_gastrula_b13-0050,36,0.104,0.109,0.073,,,,,,,,,,,,,,,,
Gastrula,B_B13,4,Control,A_gastrula_b13-0053,39,0.115,0.118,0.073,,,,,,,,,,,,,,,,
Gastrula,B_B13,4,Control,A_gastrula_b13-0054,40,0.116,0.115,0.093,,,,,,,,,,,,,,,,
Gastrula,B_B13,4,Control,A_gastrula_b13-0055,41,0.113,0.114,0.089,,,,,,,,,,,,,,,,
Gastrula,B_B13,4,Control,A_gastrula_b13-0055,42,0.105,0.109,0.085,,,,,,,,,,,,,,,,
Gastrula,B_B13,4,Control,A_gastrula_b13-0058,44,0.111,0.116,0.074,,,,,,,,,,,,,,,,
Gastrula,B_B13,4,Control,A_gastrula_b13-0059,45,0.107,0.109,0.08,,,,,,,,,,,,,,,,
Gastrula,B_B13,4,Control,A_gastrula_b13-0060,46,0.114,0.111,0.088,,,,,,,,,,,,,,,,
Gastrula,B_B13,4,Control,A_gastrula_b13-0061,47,0.112,0.108,0.1,,,,,,,,,,,,,,,,
Gastrula,B_B13,4,Control,A_gastrula_b13-0062,48,0.112,0.111,0.067,,,,,,,,,,,,,,,,
Gastrula,B_B13,4,Control,A_gastrula_b13-0063,49,0.102,0.098,0.079,,,,,,,,,,,,,,,,
Gastrula,B_B13,4,Control,A_gastrula_b13-0064,50,0.124,0.11,0.089,,,,,,,,,,,,,,,,
Gastrula,B_B13,4,Control,A_gastrula_b13-0068,51,0.118,0.103,,,,,,,,,,,,,,,,,
Gastrula,B_B13,4,Control,A_gastrula_b13-0069,52,0.103,0.106,0.089,,,,,,,,,,,,,,,,
Gastrula,B_B13,4,Control,A_gastrula_b13-0070,53,0.111,0.099,,,,,,,,,,,,,,,,,
Gastrula,B_B14,4,100ppb,A_gastrula_b14-0004,3,0.092,0.095,,one of them is skipped,,,,,,,,,,,,,,,
Gastrula,B_B14,4,100ppb,A_gastrula_b14-0005,,0.102,0.102,0.064,,,,,,,,,,,,,,,,
Gastrula,B_B14,4,100ppb,A_gastrula_b14-0036,42,0.104,0.1,0.057,,,,,,,,,,,,,,,,
Gastrula,B_B14,4,100ppb,A_gastrula_b14-0037,43,0.084,0.099,0.068,,,,,,,,,,,,,,,,
Gastrula,B_B15,4,500ppb,A_gastrula_b15-0004,2,0.112,,0.096,,,,,,,,,,,,,,,,
Gastrula,B_B15,4,500ppb,A_gastrula_b15-0005,3,0.126,0.12,0.087,,,,,,,,,,,,,,,,
Gastrula,B_B15,4,500ppb,A_gastrula_b15-0006,4,0.114,0.114,0.101,,,,,,,,,,,,,,,,
Gastrula,B_B15,4,500ppb,A_gastrula_b15-0007,5,0.114,0.127,0.089,,,,,,,,,,,,,,,,
Gastrula,B_B15,4,500ppb,A_gastrula_b15-0008,6,0.106,0.119,0.068,,,,,,,,,,,,,,,,
Gastrula,B_B15,4,500ppb,A_gastrula_b15-0009,7,0.107,0.108,0.062,,,,,,,,,,,,,,,,
Gastrula,B_B15,4,500ppb,A_gastrula_b15-0012,8,0.115,0.119,0.082,,,,,,,,,,,,,,,,
Gastrula,B_B15,4,500ppb,A_gastrula_b15-0013,9,0.125,0.122,0.086,,,,,,,,,,,,,,,,
Gastrula,B_B15,4,500ppb,A_gastrula_b15-0017,13,0.116,0.106,0.098,,,,,,,,,,,,,,,,
Gastrula,B_B15,4,500ppb,A_gastrula_b15-0018,14,0.11,0.106,0.068,,,,,,,,,,,,,,,,
Gastrula,B_B15,4,500ppb,A_gastrula_b15-0023,19,0.114,0.121,0.082,,,,,,,,,,,,,,,,
Gastrula,B_B15,4,500ppb,A_gastrula_b15-0024,20,0.122,0.12,0.066,,,,,,,,,,,,,,,,
Gastrula,B_B15,4,500ppb,A_gastrula_b15-0025,21,0.122,0.118,0.092,,,,,,,,,,,,,,,,
Gastrula,B_B15,4,500ppb,A_gastrula_b15-0027,23,,0.122,,,,,,,,,,,,,,,,,
Gastrula,B_B15,4,500ppb,A_gastrula_b15-0030,26,0.123,0.116,0.071,,,,,,,,,,,,,,,,
Gastrula,B_B15,4,500ppb,A_gastrula_b15-0035,31,0.12,0.118,0.098,,,,,,,,,,,,,,,,
Gastrula,B_B15,4,500ppb,A_gastrula_b15-0040,,0.119,0.12,0.07,skipped one again,,,,,,,,,,,,,,,
Gastrula,B_B15,4,500ppb,A_gastrula_b15-0043,36,0.122,0.112,0.085,,,,,,,,,,,,,,,,
Gastrula,B_B15,4,500ppb,A_gastrula_b15-0045,38,0.117,0.122,0.104,,,,,,,,,,,,,,,,
Gastrula,B_B15,4,500ppb,A_gastrula_b15-0048,41,0.113,0.125,0.098,,,,,,,,,,,,,,,,
Gastrula,B_B15,4,500ppb,A_gastrula_b15-0053,46,0.129,0.119,0.101,,,,,,,,,,,,,,,,
Gastrula,B_B16,4,1000ppb,A_gastrula_b16-0003,2,0.108,0.113,0.055,,,,,,,,,,,,,,,,
Gastrula,B_B16,4,1000ppb,A_gastrula_b16-0004,3,0.127,0.116,0.089,,,,,,,,,,,,,,,,
Gastrula,B_B16,4,1000ppb,A_gastrula_b16-0005,4,0.12,0.118,0.104,,,,,,,,,,,,,,,,
Gastrula,B_B16,4,1000ppb,A_gastrula_b16-0007,6,0.114,0.114,0.085,,,,,,,,,,,,,,,,
Gastrula,B_B16,4,1000ppb,A_gastrula_b16-0008,7,0.104,0.105,0.082,,,,,,,,,,,,,,,,
Gastrula,B_B16,4,1000ppb,A_gastrula_b16-0009,8,0.117,0.114,0.089,,,,,,,,,,,,,,,,
Gastrula,B_B16,4,1000ppb,A_gastrula_b16-0010,9,0.113,0.104,0.083,,,,,,,,,,,,,,,,
Gastrula,B_B16,4,1000ppb,A_gastrula_b16-0011,10,0.108,0.105,,,,,,,,,,,,,,,,,
Gastrula,B_B16,4,1000ppb,A_gastrula_b16-0012,11,0.108,0.106,0.087,,,,,,,,,,,,,,,,
Gastrula,B_B16,4,1000ppb,A_gastrula_b16-0013,12,0.111,0.113,0.07,,,,,,,,,,,,,,,,
Gastrula,B_B16,4,1000ppb,A_gastrula_b16-0014,13,0.118,0.113,0.096,,,,,,,,,,,,,,,,
Gastrula,B_B16,4,1000ppb,A_gastrula_b16-0016,14,0.122,0.105,,,,,,,,,,,,,,,,,
Gastrula,B_B16,4,1000ppb,A_gastrula_b16-0017,15,0.118,0.11,0.093,,,,,,,,,,,,,,,,
Gastrula,B_B16,4,1000ppb,A_gastrula_b16-0023,18,0.109,0.109,0.073,,,,,,,,,,,,,,,,
Gastrula,B_B16,4,1000ppb,A_gastrula_b16-0024,19,0.115,0.1,,,,,,,,,,,,,,,,,
Gastrula,B_B16,4,1000ppb,A_gastrula_b16-0025,20,0.124,0.114,0.094,,,,,,,,,,,,,,,,
Gastrula,B_B16,4,1000ppb,A_gastrula_b16-0027,22,0.118,0.105,,,,,,,,,,,,,,,,,
Gastrula,B_B16,4,1000ppb,A_gastrula_b16-0028,23,0.12,0.112,0.092,,,,,,,,,,,,,,,,
Gastrula,B_B16,4,1000ppb,A_gastrula_b16-0029,25,0.111,0.112,0.084,,,,,,,,,,,,,,,,
Gastrula,B_B16,4,1000ppb,A_gastrula_b16-0031,27,0.12,0.106,,,,,,,,,,,,,,,,,
Gastrula,B_B16,4,1000ppb,A_gastrula_b16-0032,28,0.12,0.112,0.091,,,,,,,,,,,,,,,,
Gastrula,B_B16,4,1000ppb,A_gastrula_b16-0033,29,0.131,0.118,0.095,,,,,,,,,,,,,,,,
Gastrula,B_B16,4,1000ppb,A_gastrula_b16-0034,30,0.122,0.11,0.1,,,,,,,,,,,,,,,,
Gastrula,B_B16,4,1000ppb,A_gastrula_b16-0036,32,0.116,0.103,,,,,,,,,,,,,,,,,
Gastrula,B_B16,4,1000ppb,A_gastrula_b16-0038,34,0.116,0.115,0.098,,,,,,,,,,,,,,,,
Gastrula,B_B16,4,1000ppb,A_gastrula_b16-0039,35,0.113,0.111,0.071,,,,,,,,,,,,,,,,
Gastrula,B_B16,4,1000ppb,A_gastrula_b16-0040,36,0.111,0.108,0.08,,,,,,,,,,,,,,,,
Gastrula,B_B16,4,1000ppb,A_gastrula_b16-0041,38,0.115,0.11,0.075,,,,,,,,,,,,,,,,
Gastrula,B_B16,4,1000ppb,A_gastrula_b16-0043,40,0.122,0.111,0.088,,,,,,,,,,,,,,,,
Gastrula,B_B16,4,1000ppb,A_gastrula_b16-0044,41,0.122,0.115,0.093,,,,,,,,,,,,,,,,
Gastrula,B_B16,4,1000ppb,A_gastrula_b16-0047,44,0.118,0.1,,,,,,,,,,,,,,,,,
Gastrula,B_B16,4,1000ppb,A_gastrula_b16-0048,45,0.113,0.117,0.087,,,,,,,,,,,,,,,,
Gastrula,B_B16,4,1000ppb,A_gastrula_b16-0049,46,0.114,0.116,0.077,,,,,,,,,,,,,,,,
Gastrula,B_B16,4,1000ppb,A_gastrula_b16-0052,49,0.121,0.113,0.088,,,,,,,,,,,,,,,,
Gastrula,B_B16,4,1000ppb,A_gastrula_b16-0054,51,0.107,0.114,0.077,,,,,,,,,,,,,,,,
Gastrula,B_B16,4,1000ppb,A_gastrula_b16-0055,52,0.117,0.116,0.079,,,,,,,,,,,,,,,,
Gastrula,B_B16,4,1000ppb,A_gastrula_b16-0058,55,0.113,0.113,0.073,,,,,,,,,,,,,,,,
Gastrula,B_B16,4,1000ppb,A_gastrula_b16-0059,56,0.119,0.113,0.104,,,,,,,,,,,,,,,,
Gastrula,B_B16,4,1000ppb,A_gastrula_b16-0060,57,0.114,0.111,0.097,,,,,,,,,,,,,,,,
Gastrula,B_B16,4,1000ppb,A_gastrula_b16-0062,59,0.119,0.11,0.099,,,,,,,,,,,,,,,,
Gastrula,B_B16,4,1000ppb,A_gastrula_b16-0063,61,0.124,0.11,0.111,,,,,,,,,,,,,,,,
Gastrula,B_B16,4,1000ppb,A_gastrula_b16-0064,62,0.114,0.11,0.099,,,,,,,,,,,,,,,,
Gastrula,B_B16,4,1000ppb,A_gastrula_b16-0067,64,0.122,0.109,0.095,,,,,,,,,,,,,,,,
Gastrula,B_B16,4,1000ppb,A_gastrula_b16-0068,65,0.121,0.115,0.093,,,,,,,,,,,,,,,,
Gastrula,B_B16,4,1000ppb,A_gastrula_b16-0069,66,0.121,0.108,0.101,,,,,,,,,,,,,,,,
Gastrula,B_B16,4,1000ppb,A_gastrula_b16-0070,67,0.122,0.109,0.097,,,,,,,,,,,,,,,,
Gastrula,B_B16,4,1000ppb,A_gastrula_b16-0071,68,0.112,0.103,0.101,,,,,,,,,,,,,,,,
Gastrula,B_B16,4,1000ppb,A_gastrula_b16-0074,69,0.139,0.125,0.107,,,,,,,,,,,,,,,,
Gastrula,B_B16,4,1000ppb,A_gastrula_b16-0075,70,0.133,0.118,0.119,,,,,,,,,,,,,,,,
Gastrula,B_B16,4,1000ppb,A_gastrula_b16-0076,71,0.122,0.114,0.097,,,,,,,,,,,,,,,,
,,,,,,,,,,,,,,,,,,,,,,,,
,,,,,,,,,,,,,,,,,,,,,,,,
,,,,,,,,,,,,,,,,,,,,,,,,
,,,,,,,,,,,,,,,,,,,,,,,,
,,,,,,,,,,,,,,,,,,,,,,,,
,,,,,,,,,,,,,,,,,,,,,,,,
,,,,,,,,,,,,,,,,,,,,,,,,
,,,,,,,,,,,,,,,,,,,,,,,,
,,,,,,,,,,,,,,,,,,,,,,,,
,,,,,,,,,,,,,,,,,,,,,,,,
,,,,,,,,,,,,,,,,,,,,,,,,
,,,,,,,,,,,,,,,,,,,,,,,,
,,,,,,,,,,,,,,,,,,,,,,,,
,,,,,,,,,,,,,,,,,,,,,,,,
,,,,,,,,,,,,,,,,,,,,,,,,
,,,,,,,,,,,,,,,,,,,,,,,,
,,,,,,,,,,,,,,,,,,,,,,,,
,,,,,,,,,,,,,,,,,,,,,,,,
,,,,,,,,,,,,,,,,,,,,,,,,
,,,,,,,,,,,,,,,,,,,,,,,,
,,,,,,,,,,,,,,,,,,,,,,,,
,,,,,,,,,,,,,,,,,,,,,,,,
,,,,,,,,,,,,,,,,,,,,,,,,
,,,,,,,,,,,,,,,,,,,,,,,,
,,,,,,,,,,,,,,,,,,,,,,,,
,,,,,,,,,,,,,,,,,,,,,,,,
,,,,,,,,,,,,,,,,,,,,,,,,
,,,,,,,,,,,,,,,,,,,,,,,,
,,,,,,,,,,,,,,,,,,,,,,,,
,,,,,,,,,,,,,,,,,,,,,,,,
,,,,,,,,,,,,,,,,,,,,,,,,
,,,,,,,,,,,,,,,,,,,,,,,,
,,,,,,,,,,,,,,,,,,,,,,,,
,,,,,,,,,,,,,,,,,,,,,,,,
,,,,,,,,,,,,,,,,,,,,,,,,
,,,,,,,,,,,,,,,,,,,,,,,,
,,,,,,,,,,,,,,,,,,,,,,,,
,,,,,,,,,,,,,,,,,,,,,,,,
,,,,,,,,,,,,,,,,,,,,,,,,
,,,,,,,,,,,,,,,,,,,,,,,,
,,,,,,,,,,,,,,,,,,,,,,,,
,,,,,,,,,,,,,,,,,,,,,,,,
,,,,,,,,,,,,,,,,,,,,,,,,
,,,,,,,,,,,,,,,,,,,,,,,,
,,,,,,,,,,,,,,,,,,,,,,,,
,,,,,,,,,,,,,,,,,,,,,,,,
,,,,,,,,,,,,,,,,,,,,,,,,
,,,,,,,,,,,,,,,,,,,,,,,,
,,,,,,,,,,,,,,,,,,,,,,,,
,,,,,,,,,,,,,,,,,,,,,,,,
,,,,,,,,,,,,,,,,,,,,,,,,
,,,,,,,,,,,,,,,,,,,,,,,,
,,,,,,,,,,,,,,,,,,,,,,,,
,,,,,,,,,,,,,,,,,,,,,,,,
,,,,,,,,,,,,,,,,,,,,,,,,
,,,,,,,,,,,,,,,,,,,,,,,,
,,,,,,,,,,,,,,,,,,,,,,,,
,,,,,,,,,,,,,,,,,,,,,,,,
,,,,,,,,,,,,,,,,,,,,,,,,
,,,,,,,,,,,,,,,,,,,,,,,,
,,,,,,,,,,,,,,,,,,,,,,,,
,,,,,,,,,,,,,,,,,,,,,,,,
,,,,,,,,,,,,,,,,,,,,,,,,
,,,,,,,,,,,,,,,,,,,,,,,,
,,,,,,,,,,,,,,,,,,,,,,,,
,,,,,,,,,,,,,,,,,,,,,,,,
,,,,,,,,,,,,,,,,,,,,,,,,
,,,,,,,,,,,,,,,,,,,,,,,,
,,,,,,,,,,,,,,,,,,,,,,,,
,,,,,,,,,,,,,,,,,,,,,,,,
,,,,,,,,,,,,,,,,,,,,,,,,
,,,,,,,,,,,,,,,,,,,,,,,,
,,,,,,,,,,,,,,,,,,,,,,,,
,,,,,,,,,,,,,,,,,,,,,,,,
,,,,,,,,,,,,,,,,,,,,,,,,
,,,,,,,,,,,,,,,,,,,,,,,,
,,,,,,,,,,,,,,,,,,,,,,,,
,,,,,,,,,,,,,,,,,,,,,,,,
,,,,,,,,,,,,,,,,,,,,,,,,
,,,,,,,,,,,,,,,,,,,,,,,,
,,,,,,,,,,,,,,,,,,,,,,,,
,,,,,,,,,,,,,,,,,,,,,,,,
,,,,,,,,,,,,,,,,,,,,,,,,
,,,,,,,,,,,,,,,,,,,,,,,,
,,,,,,,,,,,,,,,,,,,,,,,,
,,,,,,,,,,,,,,,,,,,,,,,,
,,,,,,,,,,,,,,,,,,,,,,,,
,,,,,,,,,,,,,,,,,,,,,,,,
,,,,,,,,,,,,,,,,,,,,,,,,
,,,,,,,,,,,,,,,,,,,,,,,,
,,,,,,,,,,,,,,,,,,,,,,,,
,,,,,,,,,,,,,,,,,,,,,,,,
,,,,,,,,,,,,,,,,,,,,,,,,
,,,,,,,,,,,,,,,,,,,,,,,,
,,,,,,,,,,,,,,,,,,,,,,,,
,,,,,,,,,,,,,,,,,,,,,,,,
,,,,,,,,,,,,,,,,,,,,,,,,
,,,,,,,,,,,,,,,,,,,,,,,,
,,,,,,,,,,,,,,,,,,,,,,,,
,,,,,,,,,,,,,,,,,,,,,,,,
,,,,,,,,,,,,,,,,,,,,,,,,
,,,,,,,,,,,,,,,,,,,,,,,,
,,,,,,,,,,,,,,,,,,,,,,,,
,,,,,,,,,,,,,,,,,,,,,,,,
,,,,,,,,,,,,,,,,,,,,,,,,
,,,,,,,,,,,,,,,,,,,,,,,,
,,,,,,,,,,,,,,,,,,,,,,,,
,,,,,,,,,,,,,,,,,,,,,,,,
,,,,,,,,,,,,,,,,,,,,,,,,
,,,,,,,,,,,,,,,,,,,,,,,,
,,,,,,,,,,,,,,,,,,,,,,,,
,,,,,,,,,,,,,,,,,,,,,,,,
,,,,,,,,,,,,,,,,,,,,,,,,
,,,,,,,,,,,,,,,,,,,,,,,,
,,,,,,,,,,,,,,,,,,,,,,,,
,,,,,,,,,,,,,,,,,,,,,,,,
,,,,,,,,,,,,,,,,,,,,,,,,
,,,,,,,,,,,,,,,,,,,,,,,,
,,,,,,,,,,,,,,,,,,,,,,,,
,,,,,,,,,,,,,,,,,,,,,,,,
,,,,,,,,,,,,,,,,,,,,,,,,
,,,,,,,,,,,,,,,,,,,,,,,,
,,,,,,,,,,,,,,,,,,,,,,,,
,,,,,,,,,,,,,,,,,,,,,,,,
,,,,,,,,,,,,,,,,,,,,,,,,
,,,,,,,,,,,,,,,,,,,,,,,,
,,,,,,,,,,,,,,,,,,,,,,,,
,,,,,,,,,,,,,,,,,,,,,,,,
,,,,,,,,,,,,,,,,,,,,,,,,
,,,,,,,,,,,,,,,,,,,,,,,,
,,,,,,,,,,,,,,,,,,,,,,,,
,,,,,,,,,,,,,,,,,,,,,,,,
,,,,,,,,,,,,,,,,,,,,,,,,
,,,,,,,,,,,,,,,,,,,,,,,,
,,,,,,,,,,,,,,,,,,,,,,,,
,,,,,,,,,,,,,,,,,,,,,,,,
,,,,,,,,,,,,,,,,,,,,,,,,
,,,,,,,,,,,,,,,,,,,,,,,,
,,,,,,,,,,,,,,,,,,,,,,,,
,,,,,,,,,,,,,,,,,,,,,,,,
,,,,,,,,,,,,,,,,,,,,,,,,
,,,,,,,,,,,,,,,,,,,,,,,,
,,,,,,,,,,,,,,,,,,,,,,,,
,,,,,,,,,,,,,,,,,,,,,,,,
,,,,,,,,,,,,,,,,,,,,,,,,
,,,,,,,,,,,,,,,,,,,,,,,,
,,,,,,,,,,,,,,,,,,,,,,,,
,,,,,,,,,,,,,,,,,,,,,,,,
,,,,,,,,,,,,,,,,,,,,,,,,
,,,,,,,,,,,,,,,,,,,,,,,,
,,,,,,,,,,,,,,,,,,,,,,,,
,,,,,,,,,,,,,,,,,,,,,,,,
,,,,,,,,,,,,,,,,,,,,,,,,
,,,,,,,,,,,,,,,,,,,,,,,,
,,,,,,,,,,,,,,,,,,,,,,,,
,,,,,,,,,,,,,,,,,,,,,,,,
,,,,,,,,,,,,,,,,,,,,,,,,
,,,,,,,,,,,,,,,,,,,,,,,,
,,,,,,,,,,,,,,,,,,,,,,,,
,,,,,,,,,,,,,,,,,,,,,,,,
,,,,,,,,,,,,,,,,,,,,,,,,
,,,,,,,,,,,,,,,,,,,,,,,,
,,,,,,,,,,,,,,,,,,,,,,,,
,,,,,,,,,,,,,,,,,,,,,,,,
,,,,,,,,,,,,,,,,,,,,,,,,
,,,,,,,,,,,,,,,,,,,,,,,,
,,,,,,,,,,,,,,,,,,,,,,,,
,,,,,,,,,,,,,,,,,,,,,,,,
,,,,,,,,,,,,,,,,,,,,,,,,
,,,,,,,,,,,,,,,,,,,,,,,,
,,,,,,,,,,,,,,,,,,,,,,,,
,,,,,,,,,,,,,,,,,,,,,,,,
,,,,,,,,,,,,,,,,,,,,,,,,
,,,,,,,,,,,,,,,,,,,,,,,,
,,,,,,,,,,,,,,,,,,,,,,,,
,,,,,,,,,,,,,,,,,,,,,,,,
,,,,,,,,,,,,,,,,,,,,,,,,
,,,,,,,,,,,,,,,,,,,,,,,,
,,,,,,,,,,,,,,,,,,,,,,,,
,,,,,,,,,,,,,,,,,,,,,,,,
,,,,,,,,,,,,,,,,,,,,,,,,
,,,,,,,,,,,,,,,,,,,,,,,,
,,,,,,,,,,,,,,,,,,,,,,,,
,,,,,,,,,,,,,,,,,,,,,,,,
,,,,,,,,,,,,,,,,,,,,,,,,
,,,,,,,,,,,,,,,,,,,,,,,,
,,,,,,,,,,,,,,,,,,,,,,,,
,,,,,,,,,,,,,,,,,,,,,,,,
,,,,,,,,,,,,,,,,,,,,,,,,
,,,,,,,,,,,,,,,,,,,,,,,,
,,,,,,,,,,,,,,,,,,,,,,,,
,,,,,,,,,,,,,,,,,,,,,,,,
,,,,,,,,,,,,,,,,,,,,,,,,
,,,,,,,,,,,,,,,,,,,,,,,,
,,,,,,,,,,,,,,,,,,,,,,,,
,,,,,,,,,,,,,,,,,,,,,,,,
,,,,,,,,,,,,,,,,,,,,,,,,
,,,,,,,,,,,,,,,,,,,,,,,,
,,,,,,,,,,,,,,,,,,,,,,,,
,,,,,,,,,,,,,,,,,,,,,,,,
,,,,,,,,,,,,,,,,,,,,,,,,
,,,,,,,,,,,,,,,,,,,,,,,,
,,,,,,,,,,,,,,,,,,,,,,,,
,,,,,,,,,,,,,,,,,,,,,,,,
,,,,,,,,,,,,,,,,,,,,,,,,
,,,,,,,,,,,,,,,,,,,,,,,,
,,,,,,,,,,,,,,,,,,,,,,,,
,,,,,,,,,,,,,,,,,,,,,,,,
,,,,,,,,,,,,,,,,,,,,,,,,
,,,,,,,,,,,,,,,,,,,,,,,,
,,,,,,,,,,,,,,,,,,,,,,,,
,,,,,,,,,,,,,,,,,,,,,,,,
,,,,,,,,,,,,,,,,,,,,,,,,
,,,,,,,,,,,,,,,,,,,,,,,,
,,,,,,,,,,,,,,,,,,,,,,,,
,,,,,,,,,,,,,,,,,,,,,,,,
,,,,,,,,,,,,,,,,,,,,,,,,
,,,,,,,,,,,,,,,,,,,,,,,,
,,,,,,,,,,,,,,,,,,,,,,,,
,,,,,,,,,,,,,,,,,,,,,,,,
,,,,,,,,,,,,,,,,,,,,,,,,
,,,,,,,,,,,,,,,,,,,,,,,,
,,,,,,,,,,,,,,,,,,,,,,,,
,,,,,,,,,,,,,,,,,,,,,,,,
,,,,,,,,,,,,,,,,,,,,,,,,
,,,,,,,,,,,,,,,,,,,,,,,,
,,,,,,,,,,,,,,,,,,,,,,,,
,,,,,,,,,,,,,,,,,,,,,,,,
,,,,,,,,,,,,,,,,,,,,,,,,
,,,,,,,,,,,,,,,,,,,,,,,,
,,,,,,,,,,,,,,,,,,,,,,,,
,,,,,,,,,,,,,,,,,,,,,,,,
,,,,,,,,,,,,,,,,,,,,,,,,
,,,,,,,,,,,,,,,,,,,,,,,,
,,,,,,,,,,,,,,,,,,,,,,,,
,,,,,,,,,,,,,,,,,,,,,,,,
,,,,,,,,,,,,,,,,,,,,,,,,
,,,,,,,,,,,,,,,,,,,,,,,,
,,,,,,,,,,,,,,,,,,,,,,,,
,,,,,,,,,,,,,,,,,,,,,,,,
,,,,,,,,,,,,,,,,,,,,,,,,
,,,,,,,,,,,,,,,,,,,,,,,,
,,,,,,,,,,,,,,,,,,,,,,,,
,,,,,,,,,,,,,,,,,,,,,,,,
,,,,,,,,,,,,,,,,,,,,,,,,
,,,,,,,,,,,,,,,,,,,,,,,,
,,,,,,,,,,,,,,,,,,,,,,,,
,,,,,,,,,,,,,,,,,,,,,,,,
,,,,,,,,,,,,,,,,,,,,,,,,
,,,,,,,,,,,,,,,,,,,,,,,,
,,,,,,,,,,,,,,,,,,,,,,,,
,,,,,,,,,,,,,,,,,,,,,,,,
,,,,,,,,,,,,,,,,,,,,,,,,
,,,,,,,,,,,,,,,,,,,,,,,,
,,,,,,,,,,,,,,,,,,,,,,,,
,,,,,,,,,,,,,,,,,,,,,,,,
,,,,,,,,,,,,,,,,,,,,,,,,
,,,,,,,,,,,,,,,,,,,,,,,,
,,,,,,,,,,,,,,,,,,,,,,,,
,,,,,,,,,,,,,,,,,,,,,,,,
,,,,,,,,,,,,,,,,,,,,,,,,
,,,,,,,,,,,,,,,,,,,,,,,,
,,,,,,,,,,,,,,,,,,,,,,,,
,,,,,,,,,,,,,,,,,,,,,,,,
,,,,,,,,,,,,,,,,,,,,,,,,
,,,,,,,,,,,,,,,,,,,,,,,,
,,,,,,,,,,,,,,,,,,,,,,,,
,,,,,,,,,,,,,,,,,,,,,,,,
,,,,,,,,,,,,,,,,,,,,,,,,
,,,,,,,,,,,,,,,,,,,,,,,,
,,,,,,,,,,,,,,,,,,,,,,,,
,,,,,,,,,,,,,,,,,,,,,,,,
,,,,,,,,,,,,,,,,,,,,,,,,
,,,,,,,,,,,,,,,,,,,,,,,,
,,,,,,,,,,,,,,,,,,,,,,,,
,,,,,,,,,,,,,,,,,,,,,,,,
,,,,,,,,,,,,,,,,,,,,,,,,
,,,,,,,,,,,,,,,,,,,,,,,,
,,,,,,,,,,,,,,,,,,,,,,,,
,,,,,,,,,,,,,,,,,,,,,,,,
,,,,,,,,,,,,,,,,,,,,,,,,
,,,,,,,,,,,,,,,,,,,,,,,,
,,,,,,,,,,,,,,,,,,,,,,,,
,,,,,,,,,,,,,,,,,,,,,,,,
,,,,,,,,,,,,,,,,,,,,,,,,
,,,,,,,,,,,,,,,,,,,,,,,,
,,,,,,,,,,,,,,,,,,,,,,,,
,,,,,,,,,,,,,,,,,,,,,,,,
,,,,,,,,,,,,,,,,,,,,,,,,
,,,,,,,,,,,,,,,,,,,,,,,,
,,,,,,,,,,,,,,,,,,,,,,,,
,,,,,,,,,,,,,,,,,,,,,,,,
,,,,,,,,,,,,,,,,,,,,,,,,
,,,,,,,,,,,,,,,,,,,,,,,,
,,,,,,,,,,,,,,,,,,,,,,,,
,,,,,,,,,,,,,,,,,,,,,,,,
,,,,,,,,,,,,,,,,,,,,,,,,
,,,,,,,,,,,,,,,,,,,,,,,,
,,,,,,,,,,,,,,,,,,,,,,,,
,,,,,,,,,,,,,,,,,,,,,,,,
,,,,,,,,,,,,,,,,,,,,,,,,
,,,,,,,,,,,,,,,,,,,,,,,,
,,,,,,,,,,,,,,,,,,,,,,,,
,,,,,,,,,,,,,,,,,,,,,,,,
,,,,,,,,,,,,,,,,,,,,,,,,
,,,,,,,,,,,,,,,,,,,,,,,,
,,,,,,,,,,,,,,,,,,,,,,,,
,,,,,,,,,,,,,,,,,,,,,,,,
,,,,,,,,,,,,,,,,,,,,,,,,
,,,,,,,,,,,,,,,,,,,,,,,,
,,,,,,,,,,,,,,,,,,,,,,,,
,,,,,,,,,,,,,,,,,,,,,,,,
,,,,,,,,,,,,,,,,,,,,,,,,
,,,,,,,,,,,,,,,,,,,,,,,,
,,,,,,,,,,,,,,,,,,,,,,,,
,,,,,,,,,,,,,,,,,,,,,,,,
,,,,,,,,,,,,,,,,,,,,,,,,
,,,,,,,,,,,,,,,,,,,,,,,,
,,,,,,,,,,,,,,,,,,,,,,,,
,,,,,,,,,,,,,,,,,,,,,,,,
,,,,,,,,,,,,,,,,,,,,,,,,
,,,,,,,,,,,,,,,,,,,,,,,,
,,,,,,,,,,,,,,,,,,,,,,,,
,,,,,,,,,,,,,,,,,,,,,,,,
,,,,,,,,,,,,,,,,,,,,,,,,
,,,,,,,,,,,,,,,,,,,,,,,,
,,,,,,,,,,,,,,,,,,,,,,,,
,,,,,,,,,,,,,,,,,,,,,,,,
,,,,,,,,,,,,,,,,,,,,,,,,
,,,,,,,,,,,,,,,,,,,,,,,,
,,,,,,,,,,,,,,,,,,,,,,,,
,,,,,,,,,,,,,,,,,,,,,,,,
,,,,,,,,,,,,,,,,,,,,,,,,
,,,,,,,,,,,,,,,,,,,,,,,,
,,,,,,,,,,,,,,,,,,,,,,,,
,,,,,,,,,,,,,,,,,,,,,,,,
,,,,,,,,,,,,,,,,,,,,,,,,
,,,,,,,,,,,,,,,,,,,,,,,,
,,,,,,,,,,,,,,,,,,,,,,,,
,,,,,,,,,,,,,,,,,,,,,,,,
,,,,,,,,,,,,,,,,,,,,,,,,
,,,,,,,,,,,,,,,,,,,,,,,,
,,,,,,,,,,,,,,,,,,,,,,,,
,,,,,,,,,,,,,,,,,,,,,,,,
,,,,,,,,,,,,,,,,,,,,,,,,
,,,,,,,,,,,,,,,,,,,,,,,,
,,,,,,,,,,,,,,,,,,,,,,,,
,,,,,,,,,,,,,,,,,,,,,,,,
,,,,,,,,,,,,,,,,,,,,,,,,
,,,,,,,,,,,,,,,,,,,,,,,,
,,,,,,,,,,,,,,,,,,,,,,,,
,,,,,,,,,,,,,,,,,,,,,,,,
,,,,,,,,,,,,,,,,,,,,,,,,
,,,,,,,,,,,,,,,,,,,,,,,,
,,,,,,,,,,,,,,,,,,,,,,,,
,,,,,,,,,,,,,,,,,,,,,,,,
,,,,,,,,,,,,,,,,,,,,,,,,
,,,,,,,,,,,,,,,,,,,,,,,,
,,,,,,,,,,,,,,,,,,,,,,,,
,,,,,,,,,,,,,,,,,,,,,,,,
,,,,,,,,,,,,,,,,,,,,,,,,
,,,,,,,,,,,,,,,,,,,,,,,,
,,,,,,,,,,,,,,,,,,,,,,,,
,,,,,,,,,,,,,,,,,,,,,,,,
,,,,,,,,,,,,,,,,,,,,,,,,
,,,,,,,,,,,,,,,,,,,,,,,,
,,,,,,,,,,,,,,,,,,,,,,,,
,,,,,,,,,,,,,,,,,,,,,,,,
,,,,,,,,,,,,,,,,,,,,,,,,
,,,,,,,,,,,,,,,,,,,,,,,,
,,,,,,,,,,,,,,,,,,,,,,,,
,,,,,,,,,,,,,,,,,,,,,,,,
,,,,,,,,,,,,,,,,,,,,,,,,
,,,,,,,,,,,,,,,,,,,,,,,,
,,,,,,,,,,,,,,,,,,,,,,,,
,,,,,,,,,,,,,,,,,,,,,,,,
,,,,,,,,,,,,,,,,,,,,,,,,
,,,,,,,,,,,,,,,,,,,,,,,,
,,,,,,,,,,,,,,,,,,,,,,,,
,,,,,,,,,,,,,,,,,,,,,,,,
,,,,,,,,,,,,,,,,,,,,,,,,
,,,,,,,,,,,,,,,,,,,,,,,,
,,,,,,,,,,,,,,,,,,,,,,,,
,,,,,,,,,,,,,,,,,,,,,,,,
,,,,,,,,,,,,,,,,,,,,,,,,
,,,,,,,,,,,,,,,,,,,,,,,,
,,,,,,,,,,,,,,,,,,,,,,,,
,,,,,,,,,,,,,,,,,,,,,,,,
,,,,,,,,,,,,,,,,,,,,,,,,
,,,,,,,,,,,,,,,,,,,,,,,,
,,,,,,,,,,,,,,,,,,,,,,,,
,,,,,,,,,,,,,,,,,,,,,,,,
,,,,,,,,,,,,,,,,,,,,,,,,
,,,,,,,,,,,,,,,,,,,,,,,,
,,,,,,,,,,,,,,,,,,,,,,,,
,,,,,,,,,,,,,,,,,,,,,,,,
,,,,,,,,,,,,,,,,,,,,,,,,